Time,AvatarA,AvatarB,Distance,nCrosses,n_shadow1,n_shadow2,n_stat1,n_stat2,clickA,clickB
0.04,73,1216,-1143,0,0,0,0,0,0.0,0.0
0.08,76,1212,-1136,0,0,0,0,0,0.0,0.0
0.12,79,1208,-1129,0,0,0,0,0,0.0,0.0
0.16,82,1204,-1122,0,0,0,0,0,0.0,0.0
0.2,85,1200,-1115,0,0,0,0,0,0.0,0.0
0.24,88,1196,-1108,0,0,0,0,0,0.0,0.0
0.28,91,1192,-1101,0,0,0,0,0,0.0,0.0
0.32,94,1188,-1094,0,0,0,0,0,0.0,0.0
0.36,97,1184,-1087,0,0,0,0,0,0.0,0.0
0.4,100,1180,-1080,0,0,0,0,0,0.0,0.0
0.44,103,1176,-1073,0,0,0,0,0,0.0,0.0
0.48,106,1172,-1066,0,0,0,0,0,0.0,0.0
0.52,109,1168,-1059,0,0,0,0,0,0.0,0.0
0.56,112,1164,-1052,0,0,0,0,0,0.0,0.0
0.6,115,1160,-1045,0,0,0,0,0,0.0,0.0
0.64,118,1156,-1038,0,0,0,0,0,0.0,0.0
0.68,121,1152,-1031,0,0,0,0,0,0.0,0.0
0.72,124,1148,-1024,0,0,0,0,0,0.0,0.0
0.76,127,1144,-1017,0,0,0,0,0,0.0,0.0
0.8,130,1140,-1010,0,0,0,0,0,0.0,0.0
0.84,133,1136,-1003,0,0,0,0,0,0.0,0.0
0.88,136,1132,-996,0,0,0,0,0,0.0,0.0
0.92,139,1128,-989,0,0,0,0,0,0.0,0.0
0.96,142,1124,-982,0,0,0,0,0,0.0,0.0
1.0,145,1120,-975,0,0,0,0,0,0.0,0.0
1.04,147,1116,-969,0,0,0,0,0,0.0,0.0
1.08,149,1112,-963,0,0,0,0,0,0.0,0.0
1.12,150,1108,-958,0,0,0,0,0,0.0,0.0
1.16,151,1104,-953,0,0,0,0,1,0.0,0.0
1.2,150,1100,-950,0,0,0,0,1,0.0,0.0
1.24,149,1096,-947,0,0,0,0,1,0.0,0.0
1.28,148,1092,-944,0,0,0,0,1,0.0,0.0
1.32,147,1088,-941,0,0,0,0,1,0.0,0.0
1.36,145,1084,-939,0,0,0,0,1,0.0,0.0
1.4,143,1080,-937,0,0,0,0,1,0.0,0.0
1.44,141,1076,-935,0,0,0,0,1,0.0,0.0
1.48,139,1072,-933,0,0,0,0,1,0.0,0.0
1.52,137,1069,-932,0,0,0,0,1,0.0,0.0
1.56,135,1065,-930,0,0,0,0,1,0.0,0.0
1.6,133,1062,-929,0,0,0,0,1,0.0,0.0
1.64,130,1058,-928,0,0,0,0,1,0.0,0.0
1.68,127,1054,-927,0,0,0,0,1,0.0,0.0
1.72,124,1051,-927,0,0,0,0,1,0.0,0.0
1.76,121,1047,-926,0,0,0,0,1,0.0,0.0
1.8,118,1044,-926,0,0,0,0,1,0.0,1.0
1.84,115,1040,-925,0,0,0,0,1,0.0,0.0
1.88,112,1036,-924,0,0,0,0,1,0.0,0.0
1.92,109,1032,-923,0,0,0,0,1,0.0,0.0
1.96,106,1028,-922,0,0,0,0,1,0.0,0.0
2.0,103,1024,-921,0,0,0,0,1,0.0,0.0
2.04,100,1020,-920,0,0,0,0,1,0.0,0.0
2.08,97,1016,-919,0,0,0,0,1,0.0,0.0
2.12,94,1012,-918,0,0,0,0,1,0.0,0.0
2.16,91,1008,-917,0,0,0,0,1,0.0,0.0
2.2,89,1004,-915,0,0,0,0,1,0.0,0.0
2.24,86,1000,-914,0,0,0,0,1,0.0,0.0
2.28,85,996,-911,0,0,0,0,1,0.0,0.0
2.32,85,992,-907,0,0,0,0,1,0.0,0.0
2.36,87,988,-901,0,0,0,0,1,0.0,0.0
2.4,89,984,-895,0,0,0,0,1,0.0,0.0
2.44,91,980,-889,0,0,0,0,1,0.0,0.0
2.48,94,976,-882,0,0,0,0,1,0.0,0.0
2.52,97,972,-875,0,0,0,0,1,0.0,0.0
2.56,100,968,-868,0,0,0,0,1,0.0,0.0
2.6,103,964,-861,0,0,0,0,1,0.0,0.0
2.64,106,960,-854,0,0,0,0,1,0.0,0.0
2.68,109,956,-847,0,0,0,0,1,0.0,0.0
2.72,112,952,-840,0,0,0,0,1,0.0,0.0
2.76,115,949,-834,0,0,0,0,1,0.0,0.0
2.8,119,946,-827,0,0,0,0,1,0.0,0.0
2.84,123,942,-819,0,0,0,0,1,0.0,0.0
2.88,127,939,-812,0,0,0,0,1,0.0,0.0
2.92,131,935,-804,0,0,0,0,1,0.0,0.0
2.96,135,932,-797,0,0,0,0,1,0.0,0.0
3.0,139,929,-790,0,0,0,0,1,0.0,0.0
3.04,143,926,-783,0,0,0,0,1,0.0,0.0
3.08,147,923,-776,0,0,0,0,1,0.0,0.0
3.12,151,920,-769,0,0,0,0,1,0.0,0.0
3.16,155,917,-762,0,0,0,0,1,0.0,0.0
3.2,159,914,-755,0,0,0,0,1,0.0,0.0
3.24,163,911,-748,0,0,0,0,1,0.0,0.0
3.28,167,908,-741,0,0,0,0,1,0.0,0.0
3.32,171,906,-735,0,0,0,0,1,0.0,0.0
3.36,175,904,-729,0,0,0,0,1,0.0,0.0
3.4,179,902,-723,0,0,0,0,1,0.0,0.0
3.44,183,900,-717,0,0,0,0,1,0.0,0.0
3.48,187,899,-712,0,0,0,0,1,0.0,0.0
3.52,191,898,-707,0,0,0,0,1,0.0,0.0
3.56,195,897,-702,0,0,0,0,1,0.0,0.0
3.6,199,897,-698,0,0,0,0,1,0.0,0.0
3.64,203,897,-694,0,0,0,0,1,0.0,0.0
3.68,207,898,-691,0,0,0,0,1,0.0,0.0
3.72,211,899,-688,0,0,0,0,1,0.0,0.0
3.76,215,900,-685,0,0,0,0,1,0.0,0.0
3.8,219,902,-683,0,0,0,0,1,0.0,0.0
3.84,223,904,-681,0,0,0,0,1,0.0,0.0
3.88,227,906,-679,0,0,0,0,1,0.0,0.0
3.92,231,908,-677,0,0,0,0,1,0.0,0.0
3.96,235,910,-675,0,0,0,0,1,0.0,0.0
4.0,238,913,-675,0,0,0,0,1,0.0,0.0
4.04,241,916,-675,0,0,0,0,1,0.0,0.0
4.08,244,919,-675,0,0,0,0,1,0.0,0.0
4.12,247,922,-675,0,0,0,0,1,0.0,0.0
4.16,250,925,-675,0,0,0,0,1,0.0,0.0
4.2,253,928,-675,0,0,0,0,1,0.0,0.0
4.24,256,931,-675,0,0,0,0,1,0.0,0.0
4.28,259,934,-675,0,0,0,0,1,0.0,0.0
4.32,262,937,-675,0,0,0,0,1,0.0,0.0
4.36,265,940,-675,0,0,0,0,1,0.0,0.0
4.4,268,943,-675,0,0,0,0,1,0.0,0.0
4.44,271,946,-675,0,0,0,0,1,0.0,0.0
4.48,274,949,-675,0,0,0,0,1,0.0,0.0
4.52,277,952,-675,0,0,0,0,1,0.0,0.0
4.56,280,955,-675,0,0,0,0,1,0.0,0.0
4.6,283,958,-675,0,0,0,0,1,0.0,0.0
4.64,286,961,-675,0,0,0,0,1,0.0,0.0
4.68,289,964,-675,0,0,0,0,1,0.0,0.0
4.72,292,967,-675,0,0,0,0,1,0.0,0.0
4.76,295,970,-675,0,0,0,0,1,0.0,0.0
4.8,297,973,-676,0,0,0,0,1,0.0,0.0
4.84,299,976,-677,0,0,0,0,1,0.0,0.0
4.88,301,979,-678,0,0,0,0,1,0.0,0.0
4.92,303,982,-679,0,0,0,0,1,0.0,0.0
4.96,305,985,-680,0,0,0,0,1,0.0,0.0
5.0,307,988,-681,0,0,0,0,1,0.0,0.0
5.04,309,991,-682,0,0,0,0,1,0.0,0.0
5.08,311,994,-683,0,0,0,0,1,0.0,0.0
5.12,313,997,-684,0,0,0,0,1,0.0,0.0
5.16,314,1000,-686,0,0,0,0,1,0.0,0.0
5.2,315,1003,-688,0,0,0,0,1,0.0,0.0
5.24,315,1006,-691,0,0,0,0,1,0.0,0.0
5.28,315,1009,-694,0,0,0,0,1,0.0,0.0
5.32,315,1012,-697,0,0,0,0,1,0.0,0.0
5.36,315,1015,-700,0,0,0,0,1,0.0,0.0
5.4,314,1018,-704,0,0,0,0,1,0.0,0.0
5.44,313,1022,-709,0,0,0,0,1,0.0,0.0
5.48,312,1026,-714,0,0,0,0,1,0.0,0.0
5.52,310,1030,-720,0,0,0,0,1,0.0,0.0
5.56,308,1034,-726,0,0,0,0,1,0.0,0.0
5.6,306,1038,-732,0,0,0,0,1,0.0,0.0
5.64,304,1042,-738,0,0,0,0,1,0.0,0.0
5.68,302,1046,-744,0,0,0,0,1,0.0,0.0
5.72,300,1050,-750,0,0,0,0,1,0.0,0.0
5.76,298,1054,-756,0,0,0,0,1,0.0,0.0
5.8,296,1058,-762,0,0,0,0,1,0.0,0.0
5.84,294,1062,-768,0,0,0,0,1,0.0,0.0
5.88,292,1066,-774,0,0,0,0,1,0.0,0.0
5.92,290,1070,-780,0,0,0,0,1,0.0,0.0
5.96,288,1074,-786,0,0,0,0,1,0.0,0.0
6.0,286,1078,-792,0,0,0,0,1,0.0,0.0
6.04,284,1082,-798,0,0,0,0,1,0.0,0.0
6.08,282,1086,-804,0,0,0,0,1,0.0,0.0
6.12,280,1089,-809,0,0,0,0,1,0.0,0.0
6.16,278,1092,-814,0,0,0,0,1,0.0,0.0
6.2,276,1095,-819,0,0,0,0,1,0.0,0.0
6.24,274,1098,-824,0,0,0,0,1,0.0,0.0
6.28,271,1101,-830,0,0,0,0,1,0.0,0.0
6.32,268,1105,-837,0,0,0,0,2,0.0,0.0
6.36,265,1108,-843,0,0,0,0,3,0.0,0.0
6.4,262,1112,-850,0,0,0,0,3,0.0,0.0
6.44,259,1116,-857,0,0,0,0,3,0.0,0.0
6.48,256,1119,-863,0,0,0,0,3,0.0,0.0
6.52,253,1122,-869,0,0,0,0,3,0.0,0.0
6.56,250,1126,-876,0,0,0,0,3,0.0,0.0
6.6,247,1130,-883,0,0,0,0,3,0.0,0.0
6.64,244,1134,-890,0,0,0,0,3,0.0,0.0
6.68,241,1138,-897,0,0,0,0,3,0.0,0.0
6.72,238,1142,-904,0,0,0,0,3,0.0,0.0
6.76,235,1146,-911,0,0,0,0,3,0.0,0.0
6.8,232,1150,-918,0,0,0,0,3,0.0,0.0
6.84,229,1154,-925,0,0,0,0,3,0.0,0.0
6.88,226,1158,-932,0,0,0,0,3,0.0,0.0
6.92,223,1162,-939,0,0,0,0,3,0.0,0.0
6.96,220,1165,-945,0,0,0,0,3,0.0,1.0
7.0,217,1169,-952,0,0,0,0,3,0.0,0.0
7.04,214,1172,-958,0,0,0,0,3,0.0,0.0
7.08,211,1175,-964,0,0,0,0,3,0.0,0.0
7.12,208,1179,-971,0,0,0,0,3,0.0,0.0
7.16,205,1182,-977,0,0,0,0,3,0.0,0.0
7.2,202,1185,-983,0,0,0,0,3,0.0,0.0
7.24,199,1189,-990,0,0,0,0,3,0.0,0.0
7.28,196,1193,-997,0,0,0,0,3,0.0,0.0
7.32,192,1197,-1005,0,0,0,0,3,0.0,0.0
7.36,189,1197,-1008,0,0,0,0,3,0.0,0.0
7.4,186,1195,-1009,0,0,0,0,3,0.0,0.0
7.44,183,1195,-1012,0,0,0,0,3,0.0,0.0
7.48,180,1192,-1012,0,0,0,0,3,0.0,0.0
7.52,176,1189,-1013,0,0,0,0,3,0.0,0.0
7.56,173,1186,-1013,0,0,0,0,3,0.0,0.0
7.6,169,1183,-1014,0,0,0,0,3,0.0,0.0
7.64,165,1180,-1015,0,0,0,0,3,0.0,0.0
7.68,162,1176,-1014,0,0,0,0,3,0.0,0.0
7.72,158,1172,-1014,0,0,0,0,3,0.0,0.0
7.76,154,1168,-1014,0,0,0,0,3,0.0,0.0
7.8,150,1164,-1014,0,0,0,0,3,0.0,0.0
7.84,146,1160,-1014,0,0,0,0,3,0.0,0.0
7.88,142,1156,-1014,0,0,0,0,3,0.0,0.0
7.92,138,1152,-1014,0,0,0,0,3,0.0,0.0
7.96,134,1148,-1014,0,0,0,0,3,0.0,0.0
8.0,131,1144,-1013,0,0,0,0,3,0.0,0.0
8.04,127,1140,-1013,0,0,0,0,3,0.0,0.0
8.08,123,1136,-1013,0,0,0,0,3,0.0,0.0
8.12,119,1132,-1013,0,0,0,0,3,0.0,0.0
8.16,116,1128,-1012,0,0,0,0,3,0.0,0.0
8.2,113,1124,-1011,0,0,0,0,3,0.0,0.0
8.24,110,1120,-1010,0,0,0,0,3,0.0,0.0
8.28,107,1116,-1009,0,0,0,0,3,0.0,0.0
8.32,104,1112,-1008,0,0,0,0,3,0.0,0.0
8.36,101,1108,-1007,0,0,0,0,3,0.0,0.0
8.4,98,1104,-1006,0,0,0,0,4,0.0,0.0
8.44,95,1100,-1005,0,0,0,0,4,0.0,0.0
8.48,92,1096,-1004,0,0,0,0,4,0.0,0.0
8.52,89,1092,-1003,0,0,0,0,4,0.0,0.0
8.56,86,1088,-1002,0,0,0,0,4,0.0,0.0
8.6,83,1084,-1001,0,0,0,0,4,0.0,0.0
8.64,80,1080,-1000,0,0,0,0,4,0.0,0.0
8.68,77,1076,-999,0,0,0,0,4,0.0,0.0
8.72,74,1072,-998,0,0,0,0,4,0.0,0.0
8.76,71,1068,-997,0,0,0,0,4,0.0,0.0
8.8,68,1064,-996,0,0,0,0,4,0.0,0.0
8.84,65,1060,-995,0,0,0,0,4,0.0,0.0
8.88,62,1056,-994,0,0,0,0,4,0.0,0.0
8.92,59,1052,-993,0,0,0,0,4,0.0,0.0
8.96,56,1048,-992,0,0,0,0,4,0.0,0.0
9.0,53,1044,-991,0,0,0,0,4,0.0,0.0
9.04,50,1040,-990,0,0,0,0,4,0.0,0.0
9.08,48,1036,-988,0,0,0,0,4,0.0,0.0
9.12,46,1032,-986,0,0,0,0,4,0.0,0.0
9.16,45,1028,-983,0,0,0,0,4,0.0,0.0
9.2,43,1024,-981,0,0,0,0,4,0.0,0.0
9.24,42,1020,-978,0,0,0,0,4,0.0,0.0
9.28,41,1016,-975,0,0,0,0,4,0.0,0.0
9.32,40,1012,-972,0,0,0,0,4,0.0,0.0
9.36,39,1008,-969,0,0,0,0,4,0.0,0.0
9.4,39,1004,-965,0,0,0,0,4,0.0,0.0
9.44,39,1000,-961,0,0,0,0,4,0.0,0.0
9.48,39,996,-957,0,0,0,0,4,0.0,0.0
9.52,39,992,-953,0,0,0,0,4,0.0,0.0
9.56,40,988,-948,0,0,0,0,4,0.0,0.0
9.6,40,984,-944,0,0,0,0,4,0.0,0.0
9.64,41,980,-939,0,0,0,0,4,0.0,0.0
9.68,42,976,-934,0,0,0,0,4,0.0,0.0
9.72,43,972,-929,0,0,0,0,4,0.0,0.0
9.76,44,968,-924,0,0,0,0,4,0.0,0.0
9.8,45,964,-919,0,0,0,0,4,0.0,0.0
9.84,46,960,-914,0,0,0,0,4,0.0,0.0
9.88,48,956,-908,0,0,0,0,4,0.0,0.0
9.92,50,952,-902,0,0,0,0,4,0.0,0.0
9.96,52,948,-896,0,0,0,0,4,0.0,0.0
10.0,54,944,-890,0,0,0,0,4,0.0,0.0
10.04,56,940,-884,0,0,0,0,4,0.0,0.0
10.08,58,936,-878,0,0,0,0,4,0.0,0.0
10.12,60,932,-872,0,0,0,0,4,0.0,0.0
10.16,63,928,-865,0,0,0,0,4,0.0,0.0
10.2,66,924,-858,0,0,0,0,4,0.0,0.0
10.24,69,920,-851,0,0,0,0,4,0.0,0.0
10.28,72,916,-844,0,0,0,0,4,0.0,0.0
10.32,75,912,-837,0,0,0,0,4,0.0,0.0
10.36,78,908,-830,0,0,0,0,4,0.0,0.0
10.4,81,904,-823,0,0,0,0,4,0.0,0.0
10.44,84,900,-816,0,0,0,0,4,0.0,0.0
10.48,87,896,-809,0,0,0,0,4,0.0,0.0
10.52,90,892,-802,0,0,0,0,4,0.0,0.0
10.56,93,888,-795,0,0,0,0,4,0.0,0.0
10.6,96,884,-788,0,0,0,0,4,0.0,0.0
10.64,99,880,-781,0,0,0,0,4,0.0,0.0
10.68,103,876,-773,0,0,0,0,4,0.0,0.0
10.72,106,872,-766,0,0,0,0,4,0.0,0.0
10.76,110,868,-758,0,0,0,0,4,0.0,0.0
10.8,114,865,-751,0,0,0,0,4,0.0,0.0
10.84,118,861,-743,0,0,0,0,4,0.0,0.0
10.88,122,857,-735,0,0,0,0,4,0.0,0.0
10.92,126,854,-728,0,0,0,0,4,0.0,0.0
10.96,130,850,-720,0,0,0,0,4,0.0,0.0
11.0,134,846,-712,0,0,0,0,4,0.0,0.0
11.04,138,842,-704,0,0,0,0,4,0.0,0.0
11.08,142,839,-697,0,0,0,0,4,0.0,0.0
11.12,146,835,-689,0,0,0,0,4,0.0,0.0
11.16,150,831,-681,0,0,0,0,4,0.0,0.0
11.2,154,828,-674,0,0,0,0,4,0.0,0.0
11.24,158,824,-666,0,0,0,0,4,0.0,0.0
11.28,162,820,-658,0,0,0,0,4,0.0,0.0
11.32,166,816,-650,0,0,0,0,4,0.0,0.0
11.36,170,812,-642,0,0,0,0,4,0.0,0.0
11.4,173,809,-636,0,0,0,0,4,0.0,0.0
11.44,176,805,-629,0,0,0,0,4,0.0,0.0
11.48,180,802,-622,0,0,0,0,4,0.0,0.0
11.52,183,799,-616,0,0,0,0,4,0.0,0.0
11.56,186,795,-609,0,0,0,0,4,0.0,0.0
11.6,190,792,-602,0,0,0,0,4,0.0,0.0
11.64,194,788,-594,0,0,0,0,4,0.0,0.0
11.68,198,784,-586,0,0,0,0,4,0.0,0.0
11.72,202,780,-578,0,0,0,0,4,0.0,0.0
11.76,206,776,-570,0,0,0,0,4,0.0,0.0
11.8,210,772,-562,0,0,0,0,4,0.0,0.0
11.84,214,769,-555,0,0,0,0,4,0.0,0.0
11.88,218,766,-548,0,0,0,0,4,0.0,0.0
11.92,222,762,-540,0,0,0,0,4,0.0,0.0
11.96,226,759,-533,0,0,0,0,4,0.0,0.0
12.0,230,756,-526,0,0,0,0,4,0.0,0.0
12.04,234,753,-519,0,0,0,0,4,0.0,0.0
12.08,238,750,-512,0,0,0,0,4,0.0,0.0
12.12,242,747,-505,0,0,0,0,4,0.0,0.0
12.16,246,744,-498,0,0,0,0,4,0.0,0.0
12.2,250,741,-491,0,0,0,0,4,0.0,0.0
12.24,254,738,-484,0,0,0,0,4,0.0,0.0
12.28,258,735,-477,0,0,0,0,4,0.0,0.0
12.32,262,732,-470,0,0,0,0,4,0.0,0.0
12.36,266,728,-462,0,0,0,0,4,0.0,0.0
12.4,270,724,-454,0,0,0,0,4,0.0,0.0
12.44,274,720,-446,0,0,0,0,4,0.0,0.0
12.48,278,716,-438,0,0,0,0,4,0.0,0.0
12.52,282,712,-430,0,0,0,0,4,0.0,0.0
12.56,286,708,-422,0,0,0,0,4,0.0,0.0
12.6,290,704,-414,0,0,0,0,4,0.0,0.0
12.64,294,700,-406,0,0,0,0,4,0.0,0.0
12.68,298,697,-399,0,0,0,0,4,0.0,0.0
12.72,302,694,-392,0,0,0,0,4,0.0,0.0
12.76,306,691,-385,0,0,0,0,4,0.0,0.0
12.8,310,688,-378,0,0,0,0,4,0.0,0.0
12.84,314,685,-371,0,0,0,0,4,0.0,0.0
12.88,318,682,-364,0,0,0,0,4,0.0,0.0
12.92,322,679,-357,0,0,0,0,4,0.0,0.0
12.96,326,676,-350,0,0,0,0,4,0.0,0.0
13.0,330,673,-343,0,0,0,0,4,0.0,0.0
13.04,334,670,-336,0,0,0,0,4,0.0,0.0
13.08,338,667,-329,0,0,0,0,4,0.0,0.0
13.12,342,664,-322,0,0,0,0,4,0.0,0.0
13.16,346,661,-315,0,0,0,0,4,0.0,0.0
13.2,350,658,-308,0,0,0,0,4,0.0,0.0
13.24,354,655,-301,0,0,0,0,4,0.0,0.0
13.28,358,651,-293,0,0,0,0,4,0.0,0.0
13.32,362,647,-285,0,0,0,1,4,0.0,0.0
13.36,366,643,-277,0,0,0,1,4,0.0,0.0
13.4,370,639,-269,0,0,0,1,4,0.0,0.0
13.44,374,635,-261,0,0,0,1,4,0.0,0.0
13.48,378,631,-253,0,0,0,1,4,0.0,0.0
13.52,382,627,-245,0,0,0,1,4,0.0,0.0
13.56,385,624,-239,0,0,0,1,4,1.0,0.0
13.6,388,621,-233,0,0,0,1,4,0.0,0.0
13.64,391,618,-227,0,0,0,1,4,0.0,0.0
13.68,394,617,-223,0,0,0,1,4,0.0,0.0
13.72,398,617,-219,0,0,0,1,4,0.0,0.0
13.76,402,618,-216,0,0,0,1,4,0.0,0.0
13.8,406,619,-213,0,0,0,1,4,0.0,0.0
13.84,410,621,-211,0,0,0,1,4,0.0,0.0
13.88,414,624,-210,0,0,0,1,4,0.0,0.0
13.92,418,627,-209,0,0,0,1,4,0.0,0.0
13.96,422,630,-208,0,0,0,1,4,0.0,0.0
14.0,426,633,-207,0,0,0,1,4,0.0,0.0
14.04,430,636,-206,0,0,0,1,4,0.0,0.0
14.08,434,639,-205,0,0,0,1,4,0.0,0.0
14.12,438,642,-204,0,0,0,1,4,0.0,0.0
14.16,442,646,-204,0,0,0,1,4,0.0,0.0
14.2,446,649,-203,0,0,0,1,4,0.0,0.0
14.24,450,652,-202,0,0,0,1,4,0.0,0.0
14.28,454,655,-201,0,0,0,1,4,0.0,0.0
14.32,458,658,-200,0,0,0,1,4,0.0,0.0
14.36,462,661,-199,0,0,0,1,4,0.0,0.0
14.4,466,664,-198,0,0,0,1,4,0.0,0.0
14.44,470,666,-196,0,0,0,1,4,0.0,0.0
14.48,474,667,-193,0,0,0,1,4,0.0,0.0
14.52,478,666,-188,0,0,0,1,4,0.0,0.0
14.56,482,666,-184,0,0,0,1,4,0.0,0.0
14.6,486,665,-179,0,0,0,1,4,0.0,0.0
14.64,490,662,-172,0,0,0,1,4,0.0,0.0
14.68,494,658,-164,0,0,0,1,4,0.0,0.0
14.72,498,655,-157,0,0,0,1,4,0.0,0.0
14.76,502,652,-150,0,0,0,1,4,0.0,0.0
14.8,506,650,-144,0,0,0,1,4,0.0,0.0
14.84,510,647,-137,0,0,0,1,4,0.0,0.0
14.88,514,646,-132,0,0,0,1,4,0.0,0.0
14.92,518,646,-128,0,0,0,1,4,0.0,0.0
14.96,522,648,-126,0,0,0,1,4,0.0,0.0
15.0,526,650,-124,0,0,0,1,4,0.0,0.0
15.04,530,653,-123,0,0,0,1,4,0.0,0.0
15.08,534,656,-122,0,0,0,1,4,0.0,0.0
15.12,538,659,-121,0,0,0,1,4,0.0,0.0
15.16,542,662,-120,0,0,0,1,4,0.0,0.0
15.2,546,665,-119,0,0,0,1,4,0.0,0.0
15.24,550,668,-118,0,0,0,1,4,0.0,0.0
15.28,554,671,-117,0,0,0,1,4,0.0,0.0
15.32,558,674,-116,0,0,0,1,4,0.0,0.0
15.36,562,677,-115,0,0,0,1,4,0.0,0.0
15.4,566,680,-114,0,0,0,1,4,0.0,0.0
15.44,570,683,-113,0,0,0,1,4,0.0,0.0
15.48,574,686,-112,0,0,0,1,4,0.0,0.0
15.52,578,683,-105,0,0,0,1,4,0.0,0.0
15.56,582,680,-98,0,0,0,1,4,0.0,0.0
15.6,585,677,-92,0,0,0,1,4,0.0,0.0
15.64,588,673,-85,0,0,0,1,4,0.0,0.0
15.68,591,669,-78,0,0,0,1,4,0.0,0.0
15.72,594,665,-71,0,0,0,1,4,0.0,0.0
15.76,597,662,-65,0,0,0,1,4,0.0,0.0
15.8,600,659,-59,0,0,0,1,4,0.0,0.0
15.84,603,656,-53,0,0,0,1,4,0.0,0.0
15.88,606,654,-48,0,0,0,1,4,0.0,0.0
15.92,609,656,-47,0,0,0,1,4,0.0,0.0
15.96,612,658,-46,0,0,0,1,4,0.0,0.0
16.0,615,661,-46,0,0,0,1,4,0.0,0.0
16.04,618,664,-46,0,0,0,1,4,0.0,0.0
16.08,620,667,-47,0,0,0,1,4,0.0,0.0
16.12,622,670,-48,0,0,0,1,4,0.0,0.0
16.16,624,673,-49,0,0,0,1,4,0.0,0.0
16.2,626,676,-50,0,0,0,1,4,0.0,0.0
16.24,628,679,-51,0,0,0,1,4,0.0,0.0
16.28,630,682,-52,0,0,0,1,4,0.0,0.0
16.32,632,685,-53,0,0,0,1,4,0.0,0.0
16.36,634,688,-54,0,0,0,1,4,0.0,0.0
16.4,635,691,-56,0,0,0,1,4,0.0,0.0
16.44,636,694,-58,0,0,0,1,4,0.0,0.0
16.48,637,697,-60,0,0,0,1,4,0.0,0.0
16.52,637,700,-63,0,0,0,1,4,0.0,0.0
16.56,637,704,-67,0,0,0,1,4,0.0,0.0
16.6,637,707,-70,0,0,0,1,4,0.0,0.0
16.64,637,710,-73,0,0,0,1,4,0.0,0.0
16.68,637,714,-77,0,0,0,1,4,0.0,0.0
16.72,637,717,-80,0,0,0,1,4,0.0,0.0
16.76,637,721,-84,0,0,0,1,4,0.0,0.0
16.8,637,725,-88,0,0,0,1,4,0.0,0.0
16.84,636,729,-93,0,0,0,1,4,0.0,0.0
16.88,635,733,-98,0,0,0,1,4,0.0,0.0
16.92,634,736,-102,0,0,0,1,4,0.0,0.0
16.96,633,740,-107,0,0,0,1,4,0.0,0.0
17.0,632,744,-112,0,0,0,1,4,0.0,0.0
17.04,630,748,-118,0,0,0,1,4,0.0,0.0
17.08,628,752,-124,0,0,0,1,4,0.0,0.0
17.12,626,756,-130,0,0,0,1,4,0.0,0.0
17.16,624,760,-136,0,0,0,1,4,0.0,0.0
17.2,622,764,-142,0,0,0,1,4,0.0,0.0
17.24,620,768,-148,0,0,0,1,4,0.0,0.0
17.28,618,772,-154,0,0,1,1,4,0.0,0.0
17.32,617,776,-159,0,0,1,1,4,0.0,0.0
17.36,617,780,-163,0,0,1,1,4,0.0,0.0
17.4,617,784,-167,0,0,1,1,4,0.0,0.0
17.44,618,788,-170,0,0,1,1,4,0.0,0.0
17.48,620,792,-172,0,0,1,1,4,0.0,0.0
17.52,622,796,-174,0,0,1,1,4,0.0,1.0
17.56,624,800,-176,0,0,1,1,4,0.0,0.0
17.6,626,804,-178,0,0,1,1,4,0.0,0.0
17.64,629,808,-179,0,0,1,1,4,0.0,0.0
17.68,632,811,-179,0,0,1,1,4,0.0,0.0
17.72,635,814,-179,0,0,1,1,4,0.0,0.0
17.76,638,817,-179,0,0,1,1,4,0.0,0.0
17.8,641,821,-180,0,0,1,1,4,0.0,0.0
17.84,644,824,-180,0,0,1,1,4,0.0,0.0
17.88,647,825,-178,0,0,1,1,4,0.0,0.0
17.92,650,822,-172,0,0,1,1,4,0.0,0.0
17.96,653,818,-165,0,0,1,1,4,0.0,0.0
18.0,656,815,-159,0,0,1,1,4,0.0,0.0
18.04,659,812,-153,0,0,1,1,4,0.0,0.0
18.08,662,809,-147,0,0,2,1,4,0.0,0.0
18.12,666,806,-140,0,0,2,1,4,0.0,0.0
18.16,670,803,-133,0,0,2,1,4,0.0,0.0
18.2,674,800,-126,0,0,2,1,4,0.0,0.0
18.24,678,796,-118,0,0,2,1,4,0.0,0.0
18.28,682,793,-111,0,0,2,1,4,0.0,0.0
18.32,686,789,-103,0,0,2,1,4,0.0,0.0
18.36,690,786,-96,0,0,2,1,4,0.0,0.0
18.4,694,782,-88,0,0,2,1,4,0.0,0.0
18.44,698,778,-80,0,0,2,1,4,0.0,0.0
18.48,702,774,-72,0,0,2,1,4,0.0,0.0
18.52,706,770,-64,0,0,2,1,4,0.0,0.0
18.56,710,766,-56,0,0,2,1,4,0.0,0.0
18.6,714,762,-48,0,0,2,1,4,0.0,0.0
18.64,718,758,-40,0,0,2,1,4,0.0,0.0
18.68,722,754,-32,0,0,2,1,4,0.0,0.0
18.72,726,750,-24,0,0,2,1,4,0.0,0.0
18.76,730,746,-16,0,0,2,1,4,0.0,0.0
18.8,734,742,-8,0,0,2,1,4,0.0,0.0
18.84,738,738,0,0,0,2,1,4,0.0,0.0
18.88,742,734,8,0,0,2,1,4,0.0,0.0
18.92,746,730,16,0,0,2,1,4,0.0,0.0
18.96,750,726,24,0,0,2,1,4,0.0,0.0
19.0,754,722,32,0,0,2,1,4,0.0,1.0
19.04,758,718,40,0,0,2,1,4,0.0,0.0
19.08,762,714,48,0,0,2,1,4,0.0,0.0
19.12,766,710,56,0,0,2,1,4,0.0,0.0
19.16,770,706,64,0,0,2,1,4,0.0,0.0
19.2,774,702,72,0,0,2,1,4,0.0,0.0
19.24,778,698,80,0,0,2,1,4,0.0,0.0
19.28,782,694,88,0,0,2,1,4,0.0,0.0
19.32,786,690,96,0,0,2,1,4,0.0,0.0
19.36,790,686,104,0,0,2,1,4,0.0,0.0
19.4,794,682,112,0,0,2,1,4,0.0,0.0
19.44,798,678,120,0,0,2,1,4,0.0,0.0
19.48,802,674,128,0,0,2,1,4,0.0,0.0
19.52,806,670,136,0,0,2,1,4,0.0,0.0
19.56,809,666,143,0,0,2,1,4,0.0,0.0
19.6,813,665,148,0,0,2,1,4,0.0,0.0
19.64,817,662,155,0,1,2,1,4,0.0,0.0
19.68,821,664,157,0,1,2,1,4,0.0,0.0
19.72,824,666,158,0,1,2,1,4,0.0,0.0
19.76,827,669,158,0,1,2,1,4,0.0,0.0
19.8,830,672,158,0,1,2,1,4,0.0,0.0
19.84,834,675,159,0,1,2,1,4,0.0,0.0
19.88,836,678,158,0,1,2,1,4,1.0,0.0
19.92,839,681,158,0,1,2,1,4,0.0,0.0
19.96,842,684,158,0,1,2,1,4,0.0,0.0
20.0,845,687,158,0,1,2,1,4,0.0,0.0
20.04,849,690,159,0,1,2,1,4,0.0,0.0
20.08,853,693,160,0,1,2,1,4,0.0,0.0
20.12,857,696,161,0,1,2,1,4,0.0,0.0
20.16,860,699,161,0,1,2,1,4,0.0,0.0
20.2,863,702,161,0,1,2,1,4,0.0,0.0
20.24,866,705,161,0,1,2,1,4,0.0,0.0
20.28,869,708,161,0,1,2,1,4,0.0,0.0
20.32,872,711,161,0,1,2,1,4,0.0,0.0
20.36,875,714,161,0,1,2,1,4,0.0,0.0
20.4,878,717,161,0,1,2,1,4,0.0,0.0
20.44,881,720,161,0,1,2,1,4,0.0,0.0
20.48,884,723,161,0,1,2,1,4,0.0,0.0
20.52,887,726,161,0,1,2,1,4,0.0,0.0
20.56,890,729,161,0,1,2,1,4,0.0,0.0
20.6,893,732,161,0,1,2,1,4,0.0,0.0
20.64,896,735,161,0,1,2,1,4,0.0,0.0
20.68,898,738,160,0,1,2,1,4,0.0,0.0
20.72,900,741,159,0,1,2,1,4,0.0,0.0
20.76,902,744,158,0,1,2,1,4,0.0,0.0
20.8,904,747,157,0,1,2,1,4,0.0,0.0
20.84,906,750,156,0,1,2,1,4,0.0,0.0
20.88,908,753,155,0,1,2,1,4,0.0,0.0
20.92,910,756,154,0,1,2,1,4,0.0,0.0
20.96,912,759,153,0,1,2,1,4,0.0,0.0
21.0,914,762,152,0,1,2,1,4,0.0,0.0
21.04,915,765,150,0,1,2,1,4,0.0,0.0
21.08,917,768,149,0,1,2,1,4,0.0,0.0
21.12,919,771,148,0,1,2,1,4,0.0,0.0
21.16,921,775,146,0,1,2,1,4,0.0,0.0
21.2,923,779,144,0,1,2,1,4,0.0,0.0
21.24,925,783,142,0,1,2,1,4,0.0,0.0
21.28,927,787,140,0,1,2,1,4,0.0,0.0
21.32,929,791,138,0,1,2,1,4,0.0,0.0
21.36,932,795,137,0,1,2,1,4,0.0,0.0
21.4,935,799,136,0,1,2,1,4,0.0,0.0
21.44,938,803,135,0,1,2,1,4,0.0,0.0
21.48,941,807,134,0,1,2,1,4,0.0,0.0
21.52,944,811,133,0,1,2,1,4,0.0,0.0
21.56,947,815,132,0,1,2,1,4,0.0,0.0
21.6,950,819,131,0,1,2,1,4,0.0,0.0
21.64,953,823,130,0,1,2,1,4,0.0,0.0
21.68,956,827,129,0,1,2,1,4,0.0,0.0
21.72,959,831,128,0,1,2,1,4,0.0,0.0
21.76,962,835,127,0,1,2,1,4,0.0,0.0
21.8,965,839,126,0,1,2,1,4,0.0,0.0
21.84,968,843,125,0,1,2,1,4,0.0,0.0
21.88,971,847,124,0,1,2,1,4,0.0,0.0
21.92,974,851,123,0,1,2,1,4,0.0,0.0
21.96,977,855,122,0,1,2,1,4,0.0,0.0
22.0,980,859,121,0,1,2,1,4,0.0,0.0
22.04,982,863,119,0,1,2,1,4,0.0,0.0
22.08,984,867,117,0,1,2,1,4,0.0,0.0
22.12,986,871,115,0,1,2,1,4,0.0,0.0
22.16,988,874,114,0,1,2,1,4,0.0,0.0
22.2,990,878,112,0,1,2,1,4,0.0,0.0
22.24,992,882,110,0,1,2,1,4,0.0,0.0
22.28,994,886,108,0,1,2,1,4,0.0,0.0
22.32,996,890,106,0,1,2,1,4,0.0,0.0
22.36,997,894,103,0,1,2,1,4,0.0,0.0
22.4,998,898,100,0,1,2,1,4,0.0,0.0
22.44,999,902,97,0,1,2,1,4,0.0,0.0
22.48,1000,906,94,0,1,2,1,4,0.0,0.0
22.52,1001,910,91,0,1,2,1,4,0.0,0.0
22.56,1002,914,88,0,1,2,1,4,0.0,0.0
22.6,1003,917,86,0,1,2,1,4,0.0,0.0
22.64,1004,921,83,0,1,2,1,4,0.0,0.0
22.68,1004,925,79,0,1,2,1,4,0.0,0.0
22.72,1004,929,75,0,1,2,1,4,0.0,0.0
22.76,1004,933,71,0,1,2,1,4,0.0,0.0
22.8,1004,937,67,0,1,2,1,4,0.0,0.0
22.84,1004,941,63,0,1,2,1,4,0.0,0.0
22.88,1004,945,59,0,1,2,1,4,0.0,0.0
22.92,1004,949,55,0,1,2,1,4,0.0,0.0
22.96,1004,953,51,0,1,2,1,4,0.0,0.0
23.0,1004,957,47,0,1,2,1,4,0.0,0.0
23.04,1003,961,42,0,1,2,1,4,0.0,0.0
23.08,1002,965,37,0,1,2,1,4,0.0,0.0
23.12,1001,969,32,0,1,2,1,4,0.0,0.0
23.16,1000,973,27,0,1,2,1,4,0.0,0.0
23.2,998,977,21,0,1,2,1,4,0.0,0.0
23.24,996,981,15,0,1,2,1,4,0.0,0.0
23.28,994,985,9,0,1,2,1,4,0.0,0.0
23.32,992,989,3,0,1,2,1,4,0.0,0.0
23.36,990,993,-3,1,1,2,1,4,0.0,0.0
23.4,989,997,-8,1,1,2,1,4,0.0,0.0
23.44,988,1001,-13,1,1,2,1,4,0.0,0.0
23.48,987,1005,-18,1,1,2,1,4,0.0,0.0
23.52,985,1009,-24,1,1,2,1,4,1.0,0.0
23.56,983,1013,-30,1,1,2,1,4,0.0,0.0
23.6,981,1016,-35,1,1,2,1,4,0.0,0.0
23.64,979,1020,-41,1,1,2,1,4,0.0,0.0
23.68,977,1023,-46,1,1,2,1,4,0.0,0.0
23.72,975,1024,-49,1,1,2,1,4,0.0,0.0
23.76,973,1022,-49,1,1,2,1,4,0.0,0.0
23.8,970,1025,-55,1,1,2,1,4,0.0,0.0
23.84,967,1028,-61,1,1,2,1,4,0.0,0.0
23.88,964,1026,-62,1,1,2,1,4,0.0,0.0
23.92,962,1023,-61,1,1,2,1,4,0.0,0.0
23.96,960,1020,-60,1,1,2,1,4,0.0,0.0
24.0,958,1017,-59,1,1,2,1,4,0.0,0.0
24.04,956,1014,-58,1,1,2,1,4,0.0,0.0
24.08,954,1011,-57,1,1,2,1,4,0.0,0.0
24.12,952,1008,-56,1,1,2,1,4,0.0,0.0
24.16,950,1005,-55,1,1,2,1,4,0.0,0.0
24.2,948,1002,-54,1,1,2,1,4,0.0,0.0
24.24,946,999,-53,1,1,2,1,4,0.0,0.0
24.28,944,996,-52,1,1,2,1,4,0.0,0.0
24.32,942,993,-51,1,1,2,1,4,0.0,0.0
24.36,940,990,-50,1,1,2,1,4,0.0,0.0
24.4,938,987,-49,1,1,2,1,4,0.0,0.0
24.44,936,983,-47,1,1,2,1,4,0.0,0.0
24.48,934,980,-46,1,1,2,1,4,0.0,0.0
24.52,932,976,-44,1,1,2,1,4,0.0,0.0
24.56,930,972,-42,1,1,2,1,4,0.0,0.0
24.6,928,969,-41,1,1,2,1,4,0.0,0.0
24.64,926,965,-39,1,1,2,1,4,0.0,0.0
24.68,925,961,-36,1,1,2,1,4,0.0,0.0
24.72,924,957,-33,1,1,2,1,4,0.0,0.0
24.76,923,953,-30,1,1,2,1,4,0.0,0.0
24.8,922,949,-27,1,1,2,1,4,0.0,0.0
24.84,921,945,-24,1,1,2,1,4,0.0,0.0
24.88,919,941,-22,1,1,2,1,4,0.0,0.0
24.92,918,937,-19,1,1,2,1,4,0.0,0.0
24.96,918,933,-15,1,1,2,1,4,0.0,0.0
25.0,917,929,-12,1,1,2,1,4,0.0,0.0
25.04,917,925,-8,1,1,2,1,4,0.0,0.0
25.08,917,921,-4,1,1,2,1,4,0.0,0.0
25.12,917,917,0,1,1,2,1,4,0.0,0.0
25.16,917,913,4,1,1,2,1,4,0.0,0.0
25.2,917,909,8,1,1,2,1,4,0.0,0.0
25.24,917,905,12,1,1,2,1,4,0.0,0.0
25.28,917,901,16,1,1,2,1,4,0.0,0.0
25.32,917,897,20,1,1,2,1,4,0.0,0.0
25.36,917,893,24,1,1,2,1,4,0.0,0.0
25.4,918,889,29,1,1,2,1,4,0.0,0.0
25.44,919,885,34,1,1,2,1,4,0.0,0.0
25.48,920,881,39,1,1,2,1,4,0.0,0.0
25.52,921,877,44,1,1,2,1,4,0.0,0.0
25.56,922,873,49,1,1,2,1,4,0.0,0.0
25.6,923,869,54,1,1,2,1,4,0.0,0.0
25.64,924,865,59,1,1,2,1,4,0.0,0.0
25.68,925,861,64,1,1,2,1,4,0.0,0.0
25.72,926,857,69,1,1,2,1,4,0.0,0.0
25.76,928,853,75,1,1,2,1,4,0.0,0.0
25.8,930,849,81,1,1,2,1,4,0.0,0.0
25.84,932,845,87,1,1,2,1,4,0.0,0.0
25.88,934,841,93,1,1,2,1,4,0.0,0.0
25.92,936,837,99,1,1,2,1,4,0.0,0.0
25.96,938,833,105,1,1,2,1,4,0.0,0.0
26.0,940,829,111,1,1,2,1,4,0.0,0.0
26.04,942,825,117,1,1,2,1,4,0.0,0.0
26.08,944,821,123,1,1,2,1,4,0.0,0.0
26.12,946,817,129,1,1,2,1,4,0.0,0.0
26.16,948,813,135,1,1,2,1,4,0.0,0.0
26.2,950,809,141,1,1,2,1,4,0.0,0.0
26.24,952,805,147,1,1,2,1,4,0.0,0.0
26.28,954,801,153,1,2,2,1,4,0.0,0.0
26.32,956,797,159,1,2,2,1,4,0.0,0.0
26.36,958,793,165,1,2,2,1,4,0.0,0.0
26.4,959,789,170,1,2,2,1,4,0.0,0.0
26.44,959,785,174,1,2,2,1,4,0.0,0.0
26.48,960,782,178,1,2,2,1,4,1.0,0.0
26.52,960,779,181,1,2,2,1,4,0.0,0.0
26.56,961,776,185,1,2,2,1,4,0.0,0.0
26.6,963,773,190,1,2,2,1,4,0.0,0.0
26.64,965,770,195,1,2,2,1,4,0.0,0.0
26.68,966,767,199,1,2,2,1,4,0.0,0.0
26.72,968,764,204,1,2,2,1,4,0.0,0.0
26.76,970,761,209,1,2,2,1,4,0.0,0.0
26.8,972,758,214,1,2,2,1,4,0.0,0.0
26.84,973,755,218,1,2,2,1,4,0.0,0.0
26.88,975,752,223,1,2,2,1,4,0.0,0.0
26.92,977,749,228,1,2,2,1,4,0.0,0.0
26.96,979,746,233,1,2,2,1,4,0.0,0.0
27.0,981,743,238,1,2,2,1,4,0.0,0.0
27.04,983,741,242,1,2,2,1,4,0.0,0.0
27.08,985,739,246,1,2,2,1,4,0.0,0.0
27.12,988,737,251,1,2,2,1,4,0.0,0.0
27.16,991,735,256,1,2,2,1,4,0.0,0.0
27.2,994,733,261,1,2,2,1,4,0.0,0.0
27.24,997,732,265,1,2,2,1,4,0.0,0.0
27.28,1000,730,270,1,2,2,1,4,0.0,0.0
27.32,1003,728,275,1,2,2,1,4,0.0,0.0
27.36,1006,727,279,1,2,2,1,4,0.0,0.0
27.4,1009,726,283,1,2,2,1,4,0.0,0.0
27.44,1012,725,287,1,2,2,1,4,0.0,0.0
27.48,1015,724,291,1,2,2,1,4,0.0,0.0
27.52,1018,724,294,1,2,2,1,4,0.0,0.0
27.56,1021,724,297,1,2,2,1,4,0.0,0.0
27.6,1024,724,300,1,2,2,1,4,0.0,0.0
27.64,1028,725,303,1,2,2,1,4,0.0,0.0
27.68,1032,726,306,1,2,2,1,4,0.0,0.0
27.72,1036,727,309,1,2,2,1,4,0.0,0.0
27.76,1040,729,311,1,2,2,1,4,0.0,0.0
27.8,1044,731,313,1,2,2,1,4,0.0,0.0
27.84,1047,733,314,1,2,2,1,4,0.0,0.0
27.88,1050,735,315,1,2,2,1,4,0.0,0.0
27.92,1053,737,316,1,2,2,1,4,0.0,0.0
27.96,1056,739,317,1,2,2,1,4,0.0,0.0
28.0,1059,741,318,1,2,2,1,4,0.0,0.0
28.04,1062,743,319,1,2,2,1,4,0.0,0.0
28.08,1066,745,321,1,2,2,1,4,0.0,0.0
28.12,1070,747,323,1,2,2,1,4,0.0,0.0
28.16,1074,750,324,1,2,2,1,4,0.0,0.0
28.2,1078,753,325,1,2,2,1,4,0.0,0.0
28.24,1081,756,325,1,2,2,1,4,0.0,0.0
28.28,1085,759,326,1,2,2,1,4,0.0,0.0
28.32,1089,762,327,1,2,2,1,4,0.0,0.0
28.36,1093,765,328,1,2,2,1,4,0.0,0.0
28.4,1096,768,328,1,2,2,1,4,0.0,0.0
28.44,1099,771,328,1,2,2,1,4,0.0,0.0
28.48,1102,774,328,1,2,2,1,4,0.0,0.0
28.52,1105,777,328,1,2,2,1,4,0.0,0.0
28.56,1108,780,328,1,2,2,1,4,0.0,0.0
28.6,1111,783,328,1,2,2,1,4,0.0,0.0
28.64,1114,786,328,1,2,2,1,4,0.0,0.0
28.68,1117,789,328,1,2,2,1,4,0.0,0.0
28.72,1120,792,328,1,2,2,1,4,0.0,0.0
28.76,1123,795,328,1,2,2,1,4,0.0,0.0
28.8,1126,798,328,1,2,2,1,4,0.0,0.0
28.84,1129,801,328,1,2,2,1,4,0.0,0.0
28.88,1132,804,328,1,2,2,1,4,0.0,0.0
28.92,1135,807,328,1,2,2,1,4,0.0,0.0
28.96,1138,810,328,1,2,2,1,4,0.0,0.0
29.0,1141,813,328,1,2,2,1,4,0.0,0.0
29.04,1144,816,328,1,2,2,1,4,0.0,0.0
29.08,1147,819,328,1,2,2,1,4,0.0,0.0
29.12,1150,822,328,1,2,2,1,4,0.0,0.0
29.16,1153,825,328,1,2,2,1,4,0.0,0.0
29.2,1156,828,328,1,2,2,1,4,0.0,0.0
29.24,1159,831,328,1,2,2,1,4,0.0,0.0
29.28,1162,834,328,1,2,2,1,4,0.0,0.0
29.32,1165,837,328,1,2,2,1,4,0.0,0.0
29.36,1168,840,328,1,2,2,1,4,0.0,0.0
29.4,1171,843,328,1,2,2,1,4,0.0,0.0
29.44,1174,846,328,1,2,2,1,4,0.0,0.0
29.48,1177,849,328,1,2,2,1,4,0.0,0.0
29.52,1180,852,328,1,2,2,1,4,0.0,0.0
29.56,1183,855,328,1,2,2,1,4,0.0,0.0
29.6,1186,859,327,1,2,2,1,4,0.0,0.0
29.64,1189,863,326,1,2,2,1,4,0.0,0.0
29.68,1192,867,325,1,2,2,1,4,0.0,0.0
29.72,1195,870,325,1,2,2,1,4,0.0,0.0
29.76,1198,874,324,1,2,2,1,4,0.0,0.0
29.8,1201,878,323,1,2,2,1,4,0.0,0.0
29.84,1204,882,322,1,2,2,1,4,0.0,0.0
29.88,1206,886,320,1,2,2,1,4,0.0,0.0
29.92,1209,890,319,1,2,2,1,4,0.0,0.0
29.96,1211,894,317,1,2,2,1,4,0.0,0.0
30.0,1213,898,315,1,2,2,1,4,0.0,0.0
30.04,1215,902,313,1,2,2,1,4,0.0,0.0
30.08,1217,906,311,1,2,2,1,4,0.0,0.0
30.12,1219,909,310,1,2,2,1,4,0.0,0.0
30.16,1221,913,308,1,2,2,1,4,0.0,0.0
30.2,1223,916,307,1,2,2,1,4,0.0,0.0
30.24,1225,919,306,1,2,2,1,4,0.0,0.0
30.28,1227,922,305,1,2,2,1,4,0.0,0.0
30.32,1228,925,303,1,2,2,1,4,0.0,0.0
30.36,1229,928,301,1,2,2,1,4,0.0,0.0
30.4,1230,931,299,1,2,2,1,4,0.0,0.0
30.44,1230,934,296,1,2,2,1,4,0.0,0.0
30.48,1230,937,293,1,2,2,1,4,0.0,0.0
30.52,1230,940,290,1,2,2,1,4,0.0,0.0
30.56,1230,943,287,1,2,2,1,4,0.0,0.0
30.6,1230,946,284,1,2,2,1,4,0.0,0.0
30.64,1229,949,280,1,2,2,1,4,0.0,0.0
30.68,1228,952,276,1,2,2,1,4,0.0,0.0
30.72,1227,955,272,1,2,2,1,4,0.0,0.0
30.76,1226,958,268,1,2,2,1,4,0.0,0.0
30.8,1225,961,264,1,2,2,1,4,0.0,0.0
30.84,1224,964,260,1,2,2,1,4,0.0,0.0
30.88,1223,967,256,1,2,2,1,4,0.0,0.0
30.92,1221,971,250,1,2,2,1,4,0.0,0.0
30.96,1219,974,245,1,2,2,1,4,0.0,0.0
31.0,1217,977,240,1,2,2,1,4,0.0,0.0
31.04,1215,980,235,1,2,2,1,4,0.0,0.0
31.08,1213,983,230,1,2,2,1,4,0.0,0.0
31.12,1211,986,225,1,2,2,1,4,0.0,0.0
31.16,1209,989,220,1,2,2,1,4,0.0,0.0
31.2,1207,992,215,1,2,2,1,4,0.0,0.0
31.24,1205,995,210,1,2,2,1,4,0.0,0.0
31.28,1203,998,205,1,2,2,1,4,0.0,0.0
31.32,1201,1001,200,1,2,2,1,4,0.0,0.0
31.36,1199,1004,195,1,2,2,1,4,0.0,0.0
31.4,1197,1007,190,1,2,2,1,4,0.0,0.0
31.44,1195,1010,185,1,2,2,1,4,0.0,0.0
31.48,1193,1013,180,1,2,2,1,4,0.0,0.0
31.52,1190,1016,174,1,2,2,1,4,0.0,0.0
31.56,1187,1019,168,1,2,2,1,4,0.0,0.0
31.6,1184,1022,162,1,2,2,1,4,0.0,0.0
31.64,1181,1025,156,1,2,2,1,4,0.0,0.0
31.68,1178,1028,150,1,2,2,1,4,0.0,0.0
31.72,1175,1031,144,1,2,2,1,4,0.0,0.0
31.76,1172,1034,138,1,2,2,1,4,0.0,0.0
31.8,1169,1037,132,1,2,2,1,4,0.0,0.0
31.84,1166,1040,126,1,2,2,1,4,0.0,0.0
31.88,1163,1044,119,1,2,2,1,4,0.0,0.0
31.92,1160,1047,113,1,2,2,1,4,0.0,0.0
31.96,1157,1050,107,1,2,2,1,4,0.0,0.0
32.0,1155,1054,101,1,2,2,1,4,0.0,0.0
32.04,1153,1058,95,1,2,2,1,4,0.0,0.0
32.08,1151,1062,89,1,2,2,1,4,0.0,0.0
32.12,1149,1066,83,1,2,2,1,4,0.0,0.0
32.16,1148,1070,78,1,2,2,1,4,0.0,0.0
32.2,1148,1074,74,1,2,2,1,4,0.0,0.0
32.24,1149,1078,71,1,2,2,1,4,0.0,0.0
32.28,1150,1082,68,1,2,2,1,4,0.0,0.0
32.32,1153,1086,67,1,2,2,1,4,0.0,0.0
32.36,1156,1090,66,1,2,2,1,4,0.0,0.0
32.4,1159,1094,65,1,2,2,1,4,0.0,0.0
32.44,1162,1098,64,1,2,2,1,4,0.0,0.0
32.48,1165,1102,63,1,2,2,1,4,0.0,0.0
32.52,1168,1106,62,1,2,2,1,5,0.0,0.0
32.56,1172,1110,62,1,2,2,1,5,0.0,0.0
32.6,1176,1113,63,1,2,2,1,5,0.0,0.0
32.64,1180,1116,64,1,2,2,1,5,0.0,0.0
32.68,1184,1120,64,1,2,2,1,5,0.0,0.0
32.72,1188,1124,64,1,2,2,1,5,0.0,0.0
32.76,1192,1128,64,1,2,2,1,5,0.0,0.0
32.8,1196,1132,64,1,2,2,1,5,0.0,0.0
32.84,1200,1135,65,1,2,2,1,5,0.0,0.0
32.88,1204,1139,65,1,2,2,1,5,0.0,0.0
32.92,1208,1143,65,1,2,2,1,5,0.0,0.0
32.96,1212,1147,65,1,2,2,1,5,0.0,0.0
33.0,1216,1151,65,1,2,2,1,5,0.0,0.0
33.04,1220,1155,65,1,2,2,1,5,0.0,0.0
33.08,1224,1154,70,1,2,2,1,5,0.0,0.0
33.12,1228,1152,76,1,2,2,1,5,0.0,0.0
33.16,1232,1149,83,1,2,2,1,5,0.0,0.0
33.2,1236,1146,90,1,2,2,1,5,0.0,0.0
33.24,1240,1142,98,1,2,2,1,5,0.0,0.0
33.28,1244,1139,105,1,2,2,1,5,0.0,0.0
33.32,1248,1135,113,1,2,2,1,5,0.0,0.0
33.36,1252,1135,117,1,2,2,1,5,0.0,0.0
33.4,1256,1138,118,1,2,2,1,5,0.0,0.0
33.44,1260,1141,119,1,2,2,1,5,0.0,0.0
33.48,1264,1144,120,1,2,2,1,5,0.0,0.0
33.52,1268,1148,120,1,2,2,1,5,0.0,0.0
33.56,1272,1152,120,1,2,2,1,5,0.0,0.0
33.6,1276,1155,121,1,2,2,1,5,0.0,0.0
33.64,1280,1158,122,1,2,2,1,5,0.0,0.0
33.68,1284,1162,122,1,2,2,1,5,0.0,0.0
33.72,1288,1165,123,1,2,2,1,5,0.0,0.0
33.76,1292,1168,124,1,2,2,1,5,0.0,0.0
33.8,1296,1171,125,1,2,2,1,5,0.0,0.0
33.84,1300,1174,126,1,2,2,1,5,0.0,0.0
33.88,1304,1177,127,1,2,2,1,5,0.0,0.0
33.92,1308,1180,128,1,2,2,1,5,0.0,0.0
33.96,1312,1183,129,1,2,2,1,5,0.0,0.0
34.0,1316,1186,130,1,2,2,1,5,0.0,0.0
34.04,1320,1189,131,1,2,2,1,5,0.0,0.0
34.08,1324,1192,132,1,2,2,1,5,0.0,0.0
34.12,1328,1195,133,1,2,2,1,5,0.0,0.0
34.16,1332,1198,134,1,2,2,1,5,0.0,0.0
34.2,1336,1201,135,1,2,2,1,5,0.0,0.0
34.24,1340,1204,136,1,2,2,1,5,0.0,0.0
34.28,1344,1208,136,1,2,2,1,5,0.0,0.0
34.32,1348,1211,137,1,2,2,1,5,0.0,0.0
34.36,1352,1215,137,1,2,2,1,5,0.0,0.0
34.4,1356,1219,137,1,2,2,1,5,0.0,0.0
34.44,1360,1223,137,1,2,2,1,5,0.0,0.0
34.48,1364,1227,137,1,2,2,1,5,0.0,0.0
34.52,1368,1230,138,1,2,2,1,5,0.0,0.0
34.56,1372,1234,138,1,2,2,1,5,0.0,0.0
34.6,1376,1237,139,1,2,2,1,5,0.0,0.0
34.64,1380,1240,140,1,2,2,1,5,0.0,0.0
34.68,1384,1243,141,1,2,2,1,5,0.0,0.0
34.72,1388,1246,142,1,2,2,1,5,0.0,0.0
34.76,1392,1249,143,1,2,2,1,5,0.0,0.0
34.8,1396,1252,144,1,2,2,1,5,0.0,0.0
34.84,1400,1255,145,1,2,2,1,5,0.0,0.0
34.88,1404,1258,146,1,2,2,1,5,0.0,0.0
34.92,1408,1261,147,1,2,2,1,5,0.0,0.0
34.96,1412,1264,148,1,2,2,1,5,0.0,0.0
35.0,1416,1267,149,1,2,2,1,5,0.0,0.0
35.04,1420,1270,150,1,2,2,1,5,0.0,0.0
35.08,1424,1273,151,1,2,2,1,5,0.0,0.0
35.12,1428,1275,153,1,2,2,1,5,0.0,0.0
35.16,1432,1276,156,1,2,2,1,5,0.0,0.0
35.2,1436,1278,158,1,2,2,1,5,0.0,0.0
35.24,1440,1280,160,1,2,2,1,5,0.0,0.0
35.28,4,1281,-1277,1,2,2,1,5,0.0,0.0
35.32,8,1283,-1275,1,2,2,1,5,0.0,0.0
35.36,11,1285,-1274,1,2,2,1,5,0.0,0.0
35.4,14,1287,-1273,1,2,2,1,5,0.0,0.0
35.44,17,1290,-1273,1,2,2,1,5,0.0,0.0
35.48,20,1293,-1273,1,2,2,1,5,0.0,0.0
35.52,23,1296,-1273,1,2,2,1,5,0.0,0.0
35.56,26,1299,-1273,1,2,2,1,5,0.0,0.0
35.6,29,1302,-1273,1,2,2,1,5,0.0,0.0
35.64,32,1305,-1273,1,2,2,1,5,0.0,0.0
35.68,35,1308,-1273,1,2,2,1,5,0.0,0.0
35.72,38,1311,-1273,1,2,2,1,5,0.0,0.0
35.76,41,1314,-1273,1,2,2,1,5,0.0,0.0
35.8,44,1317,-1273,1,2,2,1,5,0.0,0.0
35.84,47,1320,-1273,1,2,2,1,5,0.0,0.0
35.88,50,1323,-1273,1,2,2,1,5,0.0,0.0
35.92,53,1326,-1273,1,2,2,1,5,0.0,0.0
35.96,56,1329,-1273,1,2,2,1,5,0.0,0.0
36.0,59,1332,-1273,1,2,2,1,5,0.0,0.0
36.04,60,1335,-1275,1,2,2,1,5,0.0,0.0
36.08,62,1338,-1276,1,2,2,1,5,0.0,0.0
36.12,64,1341,-1277,1,2,2,1,5,0.0,0.0
36.16,66,1344,-1278,1,2,2,1,5,0.0,0.0
36.2,68,1348,-1280,1,2,2,1,5,0.0,0.0
36.24,70,1352,-1282,1,2,2,1,5,0.0,0.0
36.28,72,1356,-1284,1,2,2,1,5,0.0,0.0
36.32,73,1359,-1286,1,2,2,1,5,0.0,0.0
36.36,74,1362,-1288,1,2,2,1,5,0.0,0.0
36.4,74,1366,-1292,1,3,2,1,5,0.0,0.0
36.44,72,1369,-1297,1,3,2,1,5,0.0,0.0
36.48,70,1372,-1302,1,3,2,1,5,0.0,0.0
36.52,68,1375,-1307,1,3,2,1,5,0.0,0.0
36.56,66,1378,-1312,1,3,2,1,5,0.0,0.0
36.6,64,1381,-1317,1,3,2,1,5,0.0,0.0
36.64,62,1384,-1322,1,3,2,1,5,0.0,0.0
36.68,62,1387,-1325,1,3,2,1,5,1.0,0.0
36.72,62,1390,-1328,1,3,2,1,5,0.0,0.0
36.76,64,1393,-1329,1,3,2,1,5,0.0,0.0
36.8,66,1396,-1330,1,3,2,1,5,0.0,0.0
36.84,68,1399,-1331,1,3,2,1,5,0.0,0.0
36.88,70,1402,-1332,1,3,2,1,5,0.0,0.0
36.92,72,1405,-1333,1,3,2,1,5,0.0,0.0
36.96,74,1408,-1334,1,3,2,1,5,0.0,0.0
37.0,75,1411,-1336,1,3,2,1,5,0.0,0.0
37.04,76,1414,-1338,1,3,2,1,5,0.0,0.0
37.08,77,1417,-1340,1,3,2,1,5,0.0,0.0
37.12,78,1420,-1342,1,3,2,1,5,0.0,0.0
37.16,80,1423,-1343,1,3,2,1,5,0.0,0.0
37.2,82,1426,-1344,1,3,2,1,5,0.0,0.0
37.24,84,1429,-1345,1,3,2,1,5,0.0,0.0
37.28,86,1432,-1346,1,3,2,1,5,0.0,0.0
37.32,88,1435,-1347,1,3,2,1,5,0.0,0.0
37.36,90,1438,-1348,1,3,2,1,5,0.0,0.0
37.4,92,1,91,1,3,2,1,5,0.0,0.0
37.44,94,4,90,1,3,2,1,5,0.0,0.0
37.48,96,7,89,1,3,2,1,5,0.0,0.0
37.52,99,10,89,1,3,2,1,5,0.0,0.0
37.56,102,13,89,1,3,2,1,5,0.0,0.0
37.6,105,15,90,1,3,2,1,5,0.0,0.0
37.64,108,17,91,1,3,2,1,5,0.0,0.0
37.68,111,19,92,1,3,2,1,5,0.0,0.0
37.72,114,21,93,1,3,2,1,5,0.0,0.0
37.76,117,23,94,1,3,2,1,5,0.0,0.0
37.8,120,24,96,1,3,2,1,5,0.0,0.0
37.84,123,25,98,1,3,2,1,5,0.0,0.0
37.88,126,26,100,1,3,2,1,5,0.0,0.0
37.92,129,27,102,1,3,2,1,5,0.0,0.0
37.96,132,27,105,1,3,2,1,5,0.0,0.0
38.0,135,27,108,1,3,2,1,5,0.0,0.0
38.04,138,26,112,1,3,2,1,5,0.0,0.0
38.08,141,25,116,1,3,2,1,5,0.0,0.0
38.12,144,23,121,1,3,2,1,5,0.0,0.0
38.16,147,21,126,1,3,2,1,5,0.0,0.0
38.2,151,19,132,1,3,2,1,5,0.0,0.0
38.24,155,16,139,1,3,2,1,5,0.0,0.0
38.28,159,13,146,1,3,2,1,5,0.0,0.0
38.32,163,10,153,1,4,2,1,5,0.0,0.0
38.36,167,7,160,1,4,2,1,5,0.0,0.0
38.4,171,4,167,1,4,2,1,5,0.0,0.0
38.44,175,1,174,1,4,2,1,5,0.0,0.0
38.48,179,1443,-1264,1,4,2,1,5,0.0,0.0
38.52,183,1440,-1257,1,4,2,1,5,0.0,0.0
38.56,187,1436,-1249,1,4,2,1,5,0.0,0.0
38.6,191,1432,-1241,1,4,2,1,5,0.0,0.0
38.64,195,1428,-1233,1,4,2,1,5,0.0,0.0
38.68,199,1424,-1225,1,4,2,1,5,0.0,0.0
38.72,203,1420,-1217,1,4,2,1,5,0.0,0.0
38.76,207,1416,-1209,1,4,2,1,5,0.0,0.0
38.8,211,1412,-1201,1,4,2,1,5,0.0,0.0
38.84,215,1408,-1193,1,4,2,1,5,0.0,0.0
38.88,219,1404,-1185,1,4,2,1,5,0.0,0.0
38.92,223,1400,-1177,1,4,2,1,5,0.0,0.0
38.96,227,1396,-1169,1,4,2,1,5,0.0,0.0
39.0,231,1392,-1161,1,4,2,1,5,0.0,0.0
39.04,235,1388,-1153,1,4,2,1,5,0.0,0.0
39.08,239,1384,-1145,1,4,2,1,5,0.0,0.0
39.12,243,1380,-1137,1,4,2,1,5,0.0,0.0
39.16,247,1376,-1129,1,4,2,1,5,0.0,0.0
39.2,251,1372,-1121,1,4,2,1,5,0.0,0.0
39.24,255,1368,-1113,1,4,2,1,5,0.0,0.0
39.28,259,1364,-1105,1,4,2,1,5,0.0,0.0
39.32,263,1360,-1097,1,4,2,1,5,0.0,0.0
39.36,267,1356,-1089,1,4,2,1,5,0.0,0.0
39.4,271,1352,-1081,1,4,2,1,5,0.0,0.0
39.44,275,1348,-1073,1,4,2,1,5,0.0,0.0
39.48,279,1344,-1065,1,4,2,1,5,0.0,0.0
39.52,283,1340,-1057,1,4,2,1,5,0.0,0.0
39.56,287,1336,-1049,1,4,2,1,5,0.0,0.0
39.6,291,1332,-1041,1,4,2,1,5,0.0,0.0
39.64,295,1328,-1033,1,4,2,1,5,0.0,0.0
39.68,299,1324,-1025,1,4,2,1,5,0.0,0.0
39.72,303,1320,-1017,1,4,2,1,5,0.0,0.0
39.76,307,1316,-1009,1,4,2,1,5,0.0,0.0
39.8,311,1312,-1001,1,4,2,1,5,0.0,0.0
39.84,315,1308,-993,1,4,2,1,5,0.0,0.0
39.88,319,1304,-985,1,4,2,1,5,0.0,0.0
39.92,322,1300,-978,1,4,2,1,5,0.0,0.0
39.96,325,1296,-971,1,4,2,1,5,0.0,0.0
40.0,328,1292,-964,1,4,2,1,5,0.0,0.0
40.04,331,1288,-957,1,4,2,1,5,0.0,0.0
40.08,334,1284,-950,1,4,2,1,5,0.0,0.0
40.12,337,1280,-943,1,4,2,1,5,0.0,0.0
40.16,340,1276,-936,1,4,2,1,5,0.0,0.0
40.2,343,1272,-929,1,4,2,1,5,0.0,0.0
40.24,346,1268,-922,1,4,2,1,5,0.0,0.0
40.28,349,1264,-915,1,4,2,1,5,0.0,0.0
40.32,352,1260,-908,1,4,2,1,5,0.0,0.0
40.36,355,1256,-901,1,4,2,1,5,0.0,0.0
40.4,358,1252,-894,1,4,2,1,5,0.0,0.0
40.44,361,1248,-887,1,4,2,2,5,0.0,0.0
40.48,364,1244,-880,1,4,2,2,5,0.0,0.0
40.52,367,1240,-873,1,4,2,2,5,0.0,0.0
40.56,370,1236,-866,1,4,2,2,5,0.0,0.0
40.6,372,1232,-860,1,4,2,2,5,0.0,0.0
40.64,374,1228,-854,1,4,2,2,5,0.0,0.0
40.68,376,1224,-848,1,4,2,2,5,0.0,0.0
40.72,378,1220,-842,1,4,2,2,5,0.0,0.0
40.76,380,1216,-836,1,4,2,2,5,0.0,0.0
40.8,382,1212,-830,1,4,2,2,5,0.0,0.0
40.84,384,1208,-824,1,4,2,2,5,0.0,0.0
40.88,387,1204,-817,1,4,2,2,5,0.0,0.0
40.92,390,1200,-810,1,4,2,2,5,0.0,0.0
40.96,393,1196,-803,1,4,2,2,5,0.0,0.0
41.0,396,1192,-796,1,4,2,2,5,0.0,0.0
41.04,399,1188,-789,1,4,2,2,5,0.0,0.0
41.08,402,1184,-782,1,4,2,2,5,0.0,0.0
41.12,405,1180,-775,1,4,2,2,5,0.0,0.0
41.16,408,1176,-768,1,4,2,2,5,0.0,0.0
41.2,411,1172,-761,1,4,2,2,5,0.0,0.0
41.24,414,1168,-754,1,4,2,2,5,0.0,0.0
41.28,417,1164,-747,1,4,2,2,5,0.0,0.0
41.32,420,1160,-740,1,4,2,2,5,0.0,0.0
41.36,423,1156,-733,1,4,2,2,5,0.0,0.0
41.4,427,1152,-725,1,4,2,2,5,0.0,0.0
41.44,431,1148,-717,1,4,2,2,5,0.0,0.0
41.48,435,1144,-709,1,4,2,2,5,0.0,0.0
41.52,439,1140,-701,1,4,2,2,5,0.0,0.0
41.56,443,1136,-693,1,4,2,2,5,0.0,0.0
41.6,447,1132,-685,1,4,2,2,5,0.0,0.0
41.64,451,1128,-677,1,4,2,2,5,0.0,0.0
41.68,455,1124,-669,1,4,2,2,5,0.0,0.0
41.72,459,1120,-661,1,4,2,2,5,0.0,0.0
41.76,463,1116,-653,1,4,2,2,5,0.0,0.0
41.8,467,1112,-645,1,4,2,2,5,0.0,0.0
41.84,471,1108,-637,1,4,2,2,5,0.0,0.0
41.88,475,1104,-629,1,4,2,2,6,0.0,0.0
41.92,479,1100,-621,1,4,2,2,6,0.0,0.0
41.96,483,1096,-613,1,4,2,2,6,0.0,0.0
42.0,487,1092,-605,1,4,2,2,6,0.0,0.0
42.04,491,1088,-597,1,4,2,2,6,0.0,0.0
42.08,495,1084,-589,1,4,2,2,6,0.0,0.0
42.12,499,1080,-581,1,4,2,2,6,0.0,0.0
42.16,503,1076,-573,1,4,2,2,6,0.0,0.0
42.2,507,1072,-565,1,4,2,2,6,0.0,0.0
42.24,511,1068,-557,1,4,2,2,6,0.0,0.0
42.28,515,1064,-549,1,4,2,2,6,0.0,0.0
42.32,519,1060,-541,1,4,2,2,6,0.0,0.0
42.36,523,1056,-533,1,4,2,2,6,0.0,0.0
42.4,527,1052,-525,1,4,2,2,6,0.0,0.0
42.44,531,1048,-517,1,4,2,2,6,0.0,0.0
42.48,535,1044,-509,1,4,2,2,6,0.0,0.0
42.52,539,1040,-501,1,4,2,2,6,0.0,0.0
42.56,543,1036,-493,1,4,2,2,6,0.0,0.0
42.6,546,1032,-486,1,4,2,2,6,0.0,0.0
42.64,549,1028,-479,1,4,2,2,6,0.0,0.0
42.68,552,1024,-472,1,4,2,2,6,0.0,0.0
42.72,555,1020,-465,1,4,2,2,6,0.0,0.0
42.76,558,1016,-458,1,4,2,2,6,0.0,0.0
42.8,561,1012,-451,1,4,2,2,6,0.0,0.0
42.84,564,1008,-444,1,4,2,2,6,0.0,0.0
42.88,566,1004,-438,1,4,2,2,6,0.0,0.0
42.92,568,1000,-432,1,4,2,2,6,0.0,0.0
42.96,570,996,-426,1,4,2,2,6,0.0,0.0
43.0,572,992,-420,1,4,2,2,6,0.0,0.0
43.04,573,988,-415,1,4,2,2,6,0.0,0.0
43.08,574,984,-410,1,4,2,2,6,0.0,0.0
43.12,575,980,-405,1,4,2,2,6,0.0,0.0
43.16,576,976,-400,1,4,2,2,6,0.0,0.0
43.2,577,973,-396,1,4,2,2,6,0.0,0.0
43.24,577,969,-392,1,4,2,2,6,0.0,0.0
43.28,577,965,-388,1,4,2,2,6,0.0,0.0
43.32,577,962,-385,1,4,2,2,6,0.0,0.0
43.36,576,958,-382,1,4,2,2,6,0.0,0.0
43.4,575,955,-380,1,4,2,2,6,0.0,0.0
43.44,574,952,-378,1,4,2,2,6,0.0,0.0
43.48,573,949,-376,1,4,2,2,6,0.0,0.0
43.52,572,946,-374,1,4,2,2,6,0.0,0.0
43.56,571,943,-372,1,4,2,2,6,0.0,0.0
43.6,570,940,-370,1,4,2,2,6,0.0,0.0
43.64,568,937,-369,1,4,2,2,6,0.0,0.0
43.68,566,934,-368,1,4,2,2,6,0.0,0.0
43.72,564,931,-367,1,4,2,2,6,0.0,0.0
43.76,562,928,-366,1,4,2,2,6,0.0,0.0
43.8,560,926,-366,1,4,2,2,6,0.0,0.0
43.84,558,926,-368,1,4,2,2,6,0.0,0.0
43.88,556,925,-369,1,4,2,2,6,0.0,0.0
43.92,554,926,-372,1,4,2,2,6,0.0,0.0
43.96,552,927,-375,1,4,2,2,6,0.0,0.0
44.0,550,929,-379,1,4,2,2,6,0.0,0.0
44.04,547,931,-384,1,4,2,2,6,0.0,0.0
44.08,544,933,-389,1,4,2,2,6,0.0,0.0
44.12,541,935,-394,1,4,2,2,6,0.0,0.0
44.16,538,938,-400,1,4,2,2,6,0.0,0.0
44.2,535,940,-405,1,4,2,2,6,0.0,0.0
44.24,532,942,-410,1,4,2,2,6,0.0,0.0
44.28,529,942,-413,1,4,2,2,6,0.0,0.0
44.32,526,939,-413,1,4,2,2,6,0.0,0.0
44.36,523,936,-413,1,4,2,2,6,0.0,0.0
44.4,520,932,-412,1,4,2,2,6,0.0,0.0
44.44,517,928,-411,1,4,2,2,6,0.0,0.0
44.48,514,924,-410,1,4,2,2,6,0.0,0.0
44.52,511,920,-409,1,4,2,2,6,0.0,0.0
44.56,508,916,-408,1,4,2,2,6,0.0,0.0
44.6,505,912,-407,1,4,2,2,6,0.0,0.0
44.64,502,908,-406,1,4,2,2,6,0.0,0.0
44.68,499,904,-405,1,4,2,2,6,0.0,0.0
44.72,496,900,-404,1,4,2,2,6,0.0,0.0
44.76,493,896,-403,1,4,2,2,6,0.0,0.0
44.8,490,892,-402,1,4,2,2,6,0.0,0.0
44.84,487,888,-401,1,4,2,2,6,0.0,0.0
44.88,484,884,-400,1,4,2,2,6,0.0,0.0
44.92,481,880,-399,1,4,2,2,6,0.0,0.0
44.96,478,876,-398,1,4,2,2,6,0.0,0.0
45.0,475,872,-397,1,4,2,2,6,0.0,0.0
45.04,472,868,-396,1,4,2,2,6,0.0,0.0
45.08,469,864,-395,1,4,2,2,6,0.0,0.0
45.12,466,860,-394,1,4,2,2,6,0.0,0.0
45.16,463,856,-393,1,4,2,2,6,0.0,0.0
45.2,460,852,-392,1,4,2,2,6,0.0,0.0
45.24,457,848,-391,1,4,2,2,6,0.0,0.0
45.28,454,844,-390,1,4,2,2,6,0.0,0.0
45.32,451,840,-389,1,4,2,2,6,0.0,0.0
45.36,448,836,-388,1,4,2,2,6,0.0,0.0
45.4,445,832,-387,1,4,2,2,6,0.0,0.0
45.44,442,828,-386,1,4,2,2,6,0.0,0.0
45.48,439,824,-385,1,4,2,2,6,0.0,0.0
45.52,436,820,-384,1,4,2,2,6,0.0,0.0
45.56,433,816,-383,1,4,2,2,6,0.0,0.0
45.6,430,812,-382,1,4,2,2,6,0.0,0.0
45.64,427,808,-381,1,4,2,2,6,0.0,0.0
45.68,424,804,-380,1,4,2,2,6,0.0,0.0
45.72,421,800,-379,1,4,2,2,6,0.0,0.0
45.76,418,796,-378,1,4,2,2,6,0.0,0.0
45.8,415,792,-377,1,4,2,2,6,0.0,0.0
45.84,413,788,-375,1,4,2,2,6,0.0,0.0
45.88,411,784,-373,1,4,2,2,6,0.0,0.0
45.92,409,780,-371,1,4,2,2,6,0.0,0.0
45.96,407,776,-369,1,4,2,2,6,0.0,0.0
46.0,406,772,-366,1,4,2,2,6,0.0,0.0
46.04,405,768,-363,1,4,2,2,6,0.0,0.0
46.08,405,764,-359,1,4,2,2,6,0.0,0.0
46.12,405,760,-355,1,4,2,2,6,0.0,0.0
46.16,405,756,-351,1,4,2,2,6,0.0,0.0
46.2,405,752,-347,1,4,2,2,6,0.0,0.0
46.24,406,748,-342,1,4,2,2,6,0.0,0.0
46.28,407,744,-337,1,4,2,2,6,0.0,0.0
46.32,409,740,-331,1,4,2,2,6,0.0,0.0
46.36,411,736,-325,1,4,2,2,6,0.0,0.0
46.4,413,732,-319,1,4,2,2,6,0.0,0.0
46.44,415,728,-313,1,4,2,2,6,0.0,0.0
46.48,418,724,-306,1,4,2,2,6,0.0,0.0
46.52,421,720,-299,1,4,2,2,6,0.0,0.0
46.56,424,716,-292,1,4,2,2,6,0.0,0.0
46.6,427,712,-285,1,4,2,2,6,0.0,0.0
46.64,430,708,-278,1,4,2,2,6,0.0,0.0
46.68,433,704,-271,1,4,2,2,6,0.0,0.0
46.72,436,700,-264,1,4,2,2,6,0.0,0.0
46.76,439,696,-257,1,4,2,2,6,0.0,0.0
46.8,442,692,-250,1,4,2,2,6,0.0,0.0
46.84,445,688,-243,1,4,2,2,6,0.0,0.0
46.88,448,684,-236,1,4,2,2,6,0.0,0.0
46.92,451,680,-229,1,4,2,2,6,0.0,0.0
46.96,454,676,-222,1,4,2,2,6,0.0,0.0
47.0,457,672,-215,1,4,2,2,6,0.0,0.0
47.04,460,669,-209,1,4,2,2,6,0.0,0.0
47.08,463,666,-203,1,4,2,2,6,0.0,0.0
47.12,466,663,-197,1,4,2,2,6,0.0,0.0
47.16,469,660,-191,1,4,2,2,6,0.0,0.0
47.2,472,657,-185,1,4,2,2,6,0.0,0.0
47.24,476,654,-178,1,4,2,2,6,0.0,0.0
47.28,480,651,-171,1,4,2,2,6,0.0,0.0
47.32,484,648,-164,1,4,2,2,6,0.0,0.0
47.36,488,645,-157,1,4,2,2,6,0.0,0.0
47.4,492,642,-150,1,4,2,2,6,0.0,0.0
47.44,496,639,-143,1,4,2,2,6,0.0,0.0
47.48,500,636,-136,1,4,2,2,6,0.0,0.0
47.52,504,633,-129,1,4,2,2,6,0.0,0.0
47.56,508,630,-122,1,4,2,2,6,0.0,0.0
47.6,512,627,-115,1,4,2,2,6,0.0,0.0
47.64,516,625,-109,1,4,2,2,6,0.0,0.0
47.68,520,623,-103,1,4,2,2,6,0.0,0.0
47.72,524,621,-97,1,4,2,2,6,0.0,0.0
47.76,528,619,-91,1,4,2,2,6,0.0,0.0
47.8,532,618,-86,1,4,2,2,6,0.0,0.0
47.84,536,617,-81,1,4,2,2,6,0.0,0.0
47.88,540,617,-77,1,4,2,2,6,0.0,0.0
47.92,544,618,-74,1,4,2,2,6,0.0,0.0
47.96,548,620,-72,1,4,2,2,6,0.0,0.0
48.0,552,622,-70,1,4,2,2,6,0.0,0.0
48.04,556,624,-68,1,4,2,2,6,0.0,0.0
48.08,560,626,-66,1,4,2,2,6,0.0,0.0
48.12,564,628,-64,1,4,2,2,6,0.0,0.0
48.16,568,631,-63,1,4,2,2,6,0.0,0.0
48.2,572,634,-62,1,4,2,2,6,0.0,0.0
48.24,576,637,-61,1,4,2,2,6,0.0,0.0
48.28,580,640,-60,1,4,2,2,6,0.0,0.0
48.32,584,643,-59,1,4,2,2,6,0.0,0.0
48.36,588,646,-58,1,4,2,2,6,0.0,0.0
48.4,592,649,-57,1,4,2,2,6,0.0,0.0
48.44,596,652,-56,1,4,2,2,6,0.0,0.0
48.48,600,655,-55,1,4,2,2,6,0.0,0.0
48.52,604,658,-54,1,4,2,2,6,0.0,0.0
48.56,608,661,-53,1,4,2,2,6,0.0,0.0
48.6,612,664,-52,1,4,2,2,6,0.0,0.0
48.64,616,667,-51,1,4,2,2,6,0.0,0.0
48.68,620,670,-50,1,4,2,2,6,0.0,0.0
48.72,624,673,-49,1,4,2,2,6,0.0,0.0
48.76,628,676,-48,1,4,2,2,6,0.0,0.0
48.8,632,679,-47,1,4,2,2,6,0.0,0.0
48.84,636,682,-46,1,4,2,2,6,0.0,0.0
48.88,640,685,-45,1,4,2,2,6,0.0,0.0
48.92,644,688,-44,1,4,2,2,6,0.0,0.0
48.96,648,691,-43,1,4,2,2,6,0.0,0.0
49.0,652,694,-42,1,4,2,2,6,0.0,0.0
49.04,656,698,-42,1,4,2,2,6,0.0,0.0
49.08,660,702,-42,1,4,2,2,6,0.0,0.0
49.12,664,706,-42,1,4,2,2,6,0.0,0.0
49.16,668,710,-42,1,4,2,2,6,0.0,0.0
49.2,672,714,-42,1,4,2,2,6,0.0,0.0
49.24,676,718,-42,1,4,2,2,6,0.0,0.0
49.28,680,722,-42,1,4,2,2,6,0.0,0.0
49.32,684,725,-41,1,4,2,2,6,0.0,0.0
49.36,688,729,-41,1,4,2,2,6,0.0,0.0
49.4,692,732,-40,1,4,2,2,6,0.0,0.0
49.44,696,736,-40,1,4,2,2,6,0.0,0.0
49.48,700,739,-39,1,4,2,2,6,0.0,0.0
49.52,704,742,-38,1,4,2,2,6,0.0,0.0
49.56,708,743,-35,1,4,2,2,6,0.0,0.0
49.6,712,744,-32,1,4,2,2,6,0.0,0.0
49.64,716,743,-27,1,4,2,2,6,0.0,0.0
49.68,720,741,-21,1,4,2,2,6,0.0,0.0
49.72,724,738,-14,1,4,2,2,6,0.0,0.0
49.76,728,736,-8,1,4,2,2,6,0.0,0.0
49.8,732,733,-1,1,4,2,2,6,0.0,0.0
49.84,736,729,7,2,4,2,2,6,0.0,0.0
49.88,739,725,14,2,4,2,2,6,0.0,0.0
49.92,742,721,21,2,4,2,2,6,0.0,0.0
49.96,745,717,28,2,4,2,2,6,0.0,0.0
50.0,748,713,35,2,4,2,2,6,0.0,0.0
50.04,751,709,42,2,4,2,2,6,0.0,0.0
50.08,754,705,49,2,4,2,2,6,0.0,0.0
50.12,757,701,56,2,4,2,2,6,0.0,0.0
50.16,760,697,63,2,4,2,2,6,0.0,0.0
50.2,763,693,70,2,4,2,2,6,0.0,0.0
50.24,766,689,77,2,4,2,2,6,0.0,0.0
50.28,769,685,84,2,4,2,2,6,0.0,0.0
50.32,772,681,91,2,4,2,2,6,0.0,0.0
50.36,775,677,98,2,4,2,2,6,0.0,0.0
50.4,778,673,105,2,4,2,2,6,0.0,0.0
50.44,781,669,112,2,4,2,2,6,0.0,0.0
50.48,784,665,119,2,4,2,2,6,0.0,0.0
50.52,787,661,126,2,4,2,2,6,0.0,0.0
50.56,790,657,133,2,4,2,2,6,0.0,0.0
50.6,793,653,140,2,4,2,2,6,0.0,0.0
50.64,796,649,147,2,4,2,2,6,0.0,0.0
50.68,799,645,154,2,5,2,2,6,0.0,0.0
50.72,802,641,161,2,5,2,2,6,0.0,0.0
50.76,805,637,168,2,5,2,2,6,0.0,0.0
50.8,808,633,175,2,5,2,2,6,0.0,0.0
50.84,811,629,182,2,5,2,2,6,1.0,0.0
50.88,814,626,188,2,5,2,2,6,0.0,0.0
50.92,817,623,194,2,5,2,2,6,0.0,0.0
50.96,820,620,200,2,5,2,2,6,0.0,0.0
51.0,823,619,204,2,5,2,2,6,0.0,0.0
51.04,826,619,207,2,5,2,2,6,0.0,0.0
51.08,829,620,209,2,5,2,2,6,0.0,0.0
51.12,832,621,211,2,5,2,2,6,0.0,0.0
51.16,835,623,212,2,5,2,2,6,0.0,0.0
51.2,838,625,213,2,5,2,2,6,0.0,0.0
51.24,841,627,214,2,5,2,2,6,0.0,0.0
51.28,844,629,215,2,5,2,2,6,0.0,0.0
51.32,847,631,216,2,5,2,2,6,0.0,0.0
51.36,850,634,216,2,5,2,2,6,0.0,0.0
51.4,853,637,216,2,5,2,2,6,0.0,0.0
51.44,856,640,216,2,5,2,2,6,0.0,0.0
51.48,859,643,216,2,5,2,2,6,0.0,0.0
51.52,862,646,216,2,5,2,2,6,0.0,0.0
51.56,865,649,216,2,5,2,2,6,0.0,0.0
51.6,868,652,216,2,5,2,2,6,0.0,0.0
51.64,871,655,216,2,5,2,2,6,0.0,0.0
51.68,873,658,215,2,5,2,2,6,0.0,0.0
51.72,875,661,214,2,5,2,2,6,0.0,0.0
51.76,877,664,213,2,5,2,2,6,0.0,0.0
51.8,878,667,211,2,5,2,2,6,0.0,0.0
51.84,879,670,209,2,5,2,2,6,0.0,0.0
51.88,880,673,207,2,5,2,2,6,0.0,0.0
51.92,881,676,205,2,5,2,2,6,0.0,0.0
51.96,881,679,202,2,5,2,2,6,0.0,0.0
52.0,882,682,200,2,5,2,2,6,0.0,0.0
52.04,883,685,198,2,5,2,2,6,0.0,0.0
52.08,883,688,195,2,5,2,2,6,0.0,0.0
52.12,884,691,193,2,5,2,2,6,0.0,0.0
52.16,884,694,190,2,5,2,2,6,0.0,0.0
52.2,884,697,187,2,5,2,2,6,0.0,0.0
52.24,884,700,184,2,5,2,2,6,0.0,0.0
52.28,884,703,181,2,5,2,2,6,0.0,0.0
52.32,884,706,178,2,5,2,2,6,0.0,0.0
52.36,884,710,174,2,5,2,2,6,0.0,0.0
52.4,884,713,171,2,5,2,2,6,0.0,0.0
52.44,883,717,166,2,5,2,2,6,0.0,0.0
52.48,882,721,161,2,5,2,2,6,0.0,0.0
52.52,881,725,156,2,5,2,2,6,0.0,0.0
52.56,880,729,151,2,5,2,2,6,0.0,0.0
52.6,879,733,146,2,6,2,2,6,0.0,0.0
52.64,877,737,140,2,6,2,2,6,0.0,0.0
52.68,875,741,134,2,6,2,2,6,0.0,0.0
52.72,873,745,128,2,6,2,2,6,0.0,0.0
52.76,871,749,122,2,6,2,2,6,0.0,0.0
52.8,869,753,116,2,6,2,2,6,0.0,0.0
52.84,867,757,110,2,6,2,2,6,0.0,0.0
52.88,864,761,103,2,6,2,2,6,0.0,0.0
52.92,862,765,97,2,6,2,2,6,0.0,0.0
52.96,860,768,92,2,6,2,2,6,0.0,0.0
53.0,858,772,86,2,6,2,2,6,0.0,0.0
53.04,856,776,80,2,6,2,2,6,0.0,0.0
53.08,854,780,74,2,6,2,2,6,0.0,0.0
53.12,852,784,68,2,6,2,2,6,0.0,0.0
53.16,849,788,61,2,6,2,2,6,0.0,0.0
53.2,846,792,54,2,6,2,2,6,0.0,0.0
53.24,843,796,47,2,6,2,2,6,0.0,0.0
53.28,840,800,40,2,6,2,2,6,0.0,0.0
53.32,837,804,33,2,6,2,2,6,0.0,0.0
53.36,834,808,26,2,6,2,2,6,0.0,0.0
53.4,831,812,19,2,6,2,2,6,0.0,0.0
53.44,828,816,12,2,6,2,2,6,0.0,0.0
53.48,825,820,5,2,6,2,2,6,0.0,0.0
53.52,822,824,-2,3,6,2,2,6,0.0,0.0
53.56,819,828,-9,3,6,2,2,6,0.0,0.0
53.6,817,832,-15,3,6,2,2,6,0.0,0.0
53.64,815,836,-21,3,6,2,2,6,0.0,0.0
53.68,813,840,-27,3,6,2,2,6,0.0,0.0
53.72,811,844,-33,3,6,2,2,6,0.0,0.0
53.76,809,848,-39,3,6,2,2,6,0.0,0.0
53.8,807,852,-45,3,6,2,2,6,0.0,0.0
53.84,805,856,-51,3,6,2,2,6,0.0,0.0
53.88,803,860,-57,3,6,2,2,6,0.0,0.0
53.92,804,864,-60,3,6,2,2,6,1.0,0.0
53.96,803,868,-65,3,6,2,2,6,0.0,0.0
54.0,802,872,-70,3,6,2,2,6,0.0,0.0
54.04,801,876,-75,3,6,2,2,6,0.0,0.0
54.08,802,880,-78,3,6,2,2,6,0.0,0.0
54.12,804,884,-80,3,6,2,2,6,0.0,0.0
54.16,807,888,-81,3,6,2,2,6,0.0,0.0
54.2,810,892,-82,3,6,2,2,6,0.0,0.0
54.24,813,896,-83,3,6,2,2,6,0.0,0.0
54.28,817,900,-83,3,6,2,2,6,0.0,0.0
54.32,821,904,-83,3,6,2,2,6,0.0,0.0
54.36,825,908,-83,3,6,2,2,6,0.0,0.0
54.4,829,912,-83,3,6,2,2,6,0.0,0.0
54.44,833,916,-83,3,6,2,2,6,0.0,0.0
54.48,837,920,-83,3,6,2,2,6,0.0,0.0
54.52,841,924,-83,3,6,2,2,6,0.0,0.0
54.56,845,928,-83,3,6,2,2,6,0.0,0.0
54.6,849,932,-83,3,6,2,2,6,0.0,0.0
54.64,853,936,-83,3,6,2,2,6,0.0,0.0
54.68,857,940,-83,3,6,2,2,6,0.0,0.0
54.72,861,944,-83,3,6,2,2,6,0.0,0.0
54.76,865,948,-83,3,6,2,2,6,0.0,0.0
54.8,869,952,-83,3,6,2,2,6,0.0,0.0
54.84,873,956,-83,3,6,2,2,6,0.0,0.0
54.88,876,960,-84,3,6,2,2,6,0.0,0.0
54.92,879,964,-85,3,6,2,2,6,0.0,0.0
54.96,882,968,-86,3,6,2,2,6,0.0,0.0
55.0,884,972,-88,3,6,2,2,6,0.0,0.0
55.04,886,976,-90,3,6,2,2,6,0.0,0.0
55.08,888,980,-92,3,6,2,2,6,0.0,0.0
55.12,890,984,-94,3,6,2,2,6,0.0,0.0
55.16,892,988,-96,3,6,2,2,6,0.0,0.0
55.2,894,992,-98,3,6,2,2,6,0.0,0.0
55.24,896,996,-100,3,6,2,2,6,0.0,0.0
55.28,898,1000,-102,3,6,2,2,6,0.0,0.0
55.32,900,1004,-104,3,6,2,2,6,0.0,0.0
55.36,902,1008,-106,3,6,2,2,6,0.0,0.0
55.4,904,1012,-108,3,6,2,2,6,0.0,0.0
55.44,906,1016,-110,3,6,2,2,6,0.0,0.0
55.48,908,1020,-112,3,6,2,2,6,0.0,0.0
55.52,910,1024,-114,3,6,2,2,6,0.0,0.0
55.56,912,1028,-116,3,6,2,2,6,0.0,0.0
55.6,914,1032,-118,3,6,2,2,6,0.0,0.0
55.64,916,1036,-120,3,6,2,2,6,0.0,0.0
55.68,918,1040,-122,3,6,2,2,6,0.0,0.0
55.72,920,1044,-124,3,6,2,2,6,0.0,0.0
55.76,922,1048,-126,3,6,2,2,6,0.0,0.0
55.8,924,1052,-128,3,6,2,2,6,0.0,0.0
55.84,926,1056,-130,3,6,2,2,6,0.0,0.0
55.88,929,1060,-131,3,6,2,2,6,0.0,0.0
55.92,931,1064,-133,3,6,2,2,6,0.0,0.0
55.96,933,1068,-135,3,6,2,2,6,0.0,0.0
56.0,935,1072,-137,3,6,2,2,6,0.0,0.0
56.04,937,1076,-139,3,6,2,2,6,0.0,0.0
56.08,938,1080,-142,3,6,2,2,6,0.0,0.0
56.12,939,1084,-145,3,6,2,2,6,0.0,0.0
56.16,940,1088,-148,3,6,2,2,6,0.0,0.0
56.2,941,1092,-151,3,6,3,2,6,0.0,0.0
56.24,941,1096,-155,3,6,3,2,6,0.0,0.0
56.28,940,1100,-160,3,6,3,2,6,0.0,0.0
56.32,939,1104,-165,3,6,3,2,6,0.0,0.0
56.36,938,1108,-170,3,6,3,2,7,0.0,1.0
56.4,937,1112,-175,3,6,3,2,7,0.0,0.0
56.44,936,1113,-177,3,6,3,2,7,0.0,0.0
56.48,934,1115,-181,3,6,3,2,7,0.0,0.0
56.52,932,1115,-183,3,6,3,2,7,0.0,0.0
56.56,930,1114,-184,3,6,3,2,7,0.0,0.0
56.6,928,1112,-184,3,6,3,2,7,0.0,0.0
56.64,926,1109,-183,3,6,3,2,7,0.0,0.0
56.68,924,1107,-183,3,6,3,2,7,0.0,0.0
56.72,922,1105,-183,3,6,3,2,8,0.0,0.0
56.76,919,1102,-183,3,6,3,2,9,0.0,0.0
56.8,916,1099,-183,3,6,3,2,9,0.0,0.0
56.84,913,1096,-183,3,6,3,2,9,0.0,0.0
56.88,910,1093,-183,3,6,3,2,9,0.0,0.0
56.92,907,1090,-183,3,6,3,2,9,0.0,0.0
56.96,904,1087,-183,3,6,3,2,9,0.0,0.0
57.0,901,1084,-183,3,6,3,2,9,0.0,0.0
57.04,898,1081,-183,3,6,3,2,9,0.0,0.0
57.08,895,1078,-183,3,6,3,2,9,0.0,0.0
57.12,892,1075,-183,3,6,3,2,9,0.0,0.0
57.16,889,1072,-183,3,6,3,2,9,0.0,0.0
57.2,886,1069,-183,3,6,3,2,9,0.0,0.0
57.24,883,1066,-183,3,6,3,2,9,0.0,0.0
57.28,880,1063,-183,3,6,3,2,9,0.0,0.0
57.32,877,1060,-183,3,6,3,2,9,0.0,0.0
57.36,874,1057,-183,3,6,3,2,9,0.0,0.0
57.4,871,1054,-183,3,6,3,2,9,0.0,0.0
57.44,868,1052,-184,3,6,3,2,9,0.0,0.0
57.48,865,1049,-184,3,6,3,2,9,0.0,0.0
57.52,862,1047,-185,3,6,3,2,9,0.0,0.0
57.56,859,1044,-185,3,6,3,2,9,0.0,0.0
57.6,856,1041,-185,3,6,3,2,9,0.0,0.0
57.64,853,1038,-185,3,6,3,2,9,0.0,0.0
57.68,850,1035,-185,3,6,3,2,9,0.0,0.0
57.72,847,1032,-185,3,6,3,2,9,0.0,0.0
57.76,844,1029,-185,3,6,3,2,9,0.0,0.0
57.8,841,1026,-185,3,6,3,2,9,0.0,0.0
57.84,838,1023,-185,3,6,3,2,9,0.0,0.0
57.88,835,1020,-185,3,6,3,2,9,0.0,0.0
57.92,833,1017,-184,3,6,3,2,9,0.0,0.0
57.96,832,1014,-182,3,6,3,2,9,0.0,0.0
58.0,832,1011,-179,3,6,3,2,9,0.0,0.0
58.04,833,1008,-175,3,6,3,2,9,0.0,0.0
58.08,834,1005,-171,3,6,3,2,9,0.0,0.0
58.12,836,1002,-166,3,6,3,2,9,0.0,0.0
58.16,839,999,-160,3,6,3,2,9,0.0,0.0
58.2,842,995,-153,3,6,3,2,9,0.0,0.0
58.24,845,991,-146,3,6,4,2,9,0.0,0.0
58.28,848,987,-139,3,6,4,2,9,0.0,0.0
58.32,852,984,-132,3,6,4,2,9,0.0,0.0
58.36,856,980,-124,3,6,4,2,9,0.0,0.0
58.4,860,976,-116,3,6,4,2,9,0.0,0.0
58.44,864,972,-108,3,6,4,2,9,0.0,0.0
58.48,868,968,-100,3,6,4,2,9,0.0,0.0
58.52,872,964,-92,3,6,4,2,9,0.0,0.0
58.56,876,960,-84,3,6,4,2,9,0.0,0.0
58.6,880,956,-76,3,6,4,2,9,0.0,0.0
58.64,884,952,-68,3,6,4,2,9,0.0,0.0
58.68,888,948,-60,3,6,4,2,9,0.0,0.0
58.72,892,944,-52,3,6,4,2,9,0.0,0.0
58.76,896,940,-44,3,6,4,2,9,0.0,0.0
58.8,900,936,-36,3,6,4,2,9,0.0,0.0
58.84,904,932,-28,3,6,4,2,9,0.0,0.0
58.88,908,928,-20,3,6,4,2,9,0.0,0.0
58.92,912,924,-12,3,6,4,2,9,0.0,0.0
58.96,916,920,-4,3,6,4,2,9,0.0,0.0
59.0,920,916,4,4,6,4,2,9,0.0,0.0
59.04,924,912,12,4,6,4,2,9,0.0,0.0
59.08,928,908,20,4,6,4,2,9,0.0,0.0
59.12,932,904,28,4,6,4,2,9,0.0,0.0
59.16,936,900,36,4,6,4,2,9,0.0,0.0
59.2,940,896,44,4,6,4,2,9,0.0,0.0
59.24,944,892,52,4,6,4,2,9,0.0,0.0
59.28,948,888,60,4,6,4,2,9,0.0,0.0
59.32,952,884,68,4,6,4,2,9,0.0,0.0
59.36,956,880,76,4,6,4,2,9,0.0,0.0
59.4,960,876,84,4,6,4,2,9,0.0,0.0
59.44,964,872,92,4,6,4,2,9,0.0,0.0
59.48,968,868,100,4,6,4,2,9,0.0,0.0
59.52,972,864,108,4,6,4,2,9,0.0,0.0
59.56,976,860,116,4,6,4,2,9,0.0,0.0
59.6,980,856,124,4,6,4,2,9,0.0,0.0
59.64,984,852,132,4,6,4,2,9,0.0,0.0
59.68,988,848,140,4,6,4,2,9,0.0,0.0
59.72,992,844,148,4,6,4,2,9,0.0,0.0
59.76,996,840,156,4,7,4,2,9,0.0,0.0
59.8,1000,837,163,4,7,4,2,9,0.0,0.0
59.84,1004,834,170,4,7,4,2,9,0.0,0.0
59.88,1008,831,177,4,7,4,2,9,0.0,0.0
59.92,1012,828,184,4,7,4,2,9,0.0,0.0
59.96,1016,824,192,4,7,4,2,9,1.0,0.0
60.0,1020,820,200,4,7,4,2,9,0.0,0.0
60.04,1024,816,208,4,7,4,2,9,0.0,0.0
60.08,1028,812,216,4,7,4,2,9,0.0,0.0
60.12,1032,808,224,4,7,4,2,9,0.0,0.0
60.16,1036,804,232,4,7,4,2,9,0.0,0.0
60.2,1040,800,240,4,7,4,2,9,0.0,0.0
60.24,1044,796,248,4,7,4,2,9,0.0,0.0
60.28,1048,792,256,4,7,4,2,9,0.0,0.0
60.32,1052,788,264,4,7,4,2,9,0.0,0.0
60.36,1056,784,272,4,7,4,2,9,0.0,0.0
60.4,1060,780,280,4,7,4,2,9,0.0,0.0
60.44,1064,776,288,4,7,4,2,9,0.0,0.0
60.48,1068,772,296,4,7,4,2,9,0.0,0.0
60.52,1072,769,303,4,7,4,2,9,0.0,0.0
60.56,1076,765,311,4,7,4,2,9,0.0,0.0
60.6,1080,762,318,4,7,4,2,9,0.0,0.0
60.64,1084,759,325,4,7,4,2,9,0.0,0.0
60.68,1088,757,331,4,7,4,2,9,0.0,0.0
60.72,1092,756,336,4,7,4,2,9,0.0,0.0
60.76,1096,755,341,4,7,4,2,9,0.0,0.0
60.8,1100,753,347,4,7,4,2,9,0.0,0.0
60.84,1104,751,353,4,7,4,2,9,0.0,0.0
60.88,1108,749,359,4,7,4,2,9,0.0,0.0
60.92,1111,746,365,4,7,4,2,9,0.0,0.0
60.96,1114,743,371,4,7,4,2,9,0.0,0.0
61.0,1117,740,377,4,7,4,2,9,0.0,0.0
61.04,1120,737,383,4,7,4,2,9,0.0,0.0
61.08,1123,734,389,4,7,4,2,9,0.0,0.0
61.12,1126,730,396,4,7,4,2,9,0.0,0.0
61.16,1129,727,402,4,7,4,2,9,0.0,0.0
61.2,1132,723,409,4,7,4,2,9,0.0,0.0
61.24,1135,719,416,4,7,4,2,9,0.0,0.0
61.28,1138,715,423,4,7,4,2,9,0.0,0.0
61.32,1141,711,430,4,7,4,2,9,0.0,0.0
61.36,1144,707,437,4,7,4,2,9,0.0,0.0
61.4,1147,703,444,4,7,4,2,9,0.0,0.0
61.44,1150,699,451,4,7,4,2,9,0.0,0.0
61.48,1153,695,458,4,7,4,2,9,0.0,0.0
61.52,1156,691,465,4,7,4,2,9,0.0,0.0
61.56,1158,687,471,4,7,4,2,9,0.0,0.0
61.6,1160,683,477,4,7,4,2,9,0.0,0.0
61.64,1162,679,483,4,7,4,2,9,0.0,0.0
61.68,1164,675,489,4,7,4,2,9,0.0,0.0
61.72,1166,671,495,4,7,4,2,9,0.0,0.0
61.76,1167,667,500,4,7,4,2,9,0.0,0.0
61.8,1168,663,505,4,7,4,2,9,0.0,0.0
61.84,1168,659,509,4,7,4,2,9,0.0,0.0
61.88,1168,655,513,4,7,4,2,9,0.0,0.0
61.92,1167,651,516,4,7,4,2,9,0.0,0.0
61.96,1166,647,519,4,7,4,2,9,0.0,0.0
62.0,1165,643,522,4,7,4,2,9,0.0,0.0
62.04,1164,639,525,4,7,4,2,9,0.0,0.0
62.08,1163,635,528,4,7,4,2,9,0.0,0.0
62.12,1161,631,530,4,7,4,2,9,0.0,0.0
62.16,1159,627,532,4,7,4,2,9,0.0,0.0
62.2,1157,623,534,4,7,4,2,9,0.0,0.0
62.24,1155,619,536,4,7,4,2,9,0.0,0.0
62.28,1153,615,538,4,7,4,2,9,0.0,0.0
62.32,1151,611,540,4,7,4,2,9,0.0,0.0
62.36,1149,607,542,4,7,4,2,9,0.0,0.0
62.4,1147,603,544,4,7,4,2,9,0.0,0.0
62.44,1145,599,546,4,7,4,2,9,0.0,0.0
62.48,1143,595,548,4,7,4,2,9,0.0,0.0
62.52,1141,591,550,4,7,4,2,9,0.0,0.0
62.56,1139,587,552,4,7,4,2,9,0.0,0.0
62.6,1137,583,554,4,7,4,2,9,0.0,0.0
62.64,1135,579,556,4,7,4,2,9,0.0,0.0
62.68,1133,575,558,4,7,4,2,9,0.0,0.0
62.72,1130,571,559,4,7,4,2,9,0.0,0.0
62.76,1127,567,560,4,7,4,2,9,0.0,0.0
62.8,1124,563,561,4,7,4,2,9,0.0,0.0
62.84,1121,559,562,4,7,4,2,9,0.0,0.0
62.88,1118,555,563,4,7,4,2,9,0.0,0.0
62.92,1115,551,564,4,7,4,2,9,0.0,0.0
62.96,1112,547,565,4,7,4,2,9,0.0,0.0
63.0,1109,543,566,4,7,4,2,9,0.0,0.0
63.04,1106,539,567,4,7,4,2,9,0.0,0.0
63.08,1103,535,568,4,7,4,2,9,0.0,0.0
63.12,1100,531,569,4,7,4,2,9,0.0,0.0
63.16,1097,527,570,4,7,4,2,9,0.0,0.0
63.2,1094,524,570,4,7,4,2,9,0.0,0.0
63.24,1091,520,571,4,7,4,2,9,0.0,0.0
63.28,1088,517,571,4,7,4,2,9,0.0,0.0
63.32,1085,513,572,4,7,4,2,9,0.0,0.0
63.36,1082,509,573,4,7,4,2,9,0.0,0.0
63.4,1079,506,573,4,7,4,2,9,0.0,0.0
63.44,1076,503,573,4,7,4,2,9,0.0,0.0
63.48,1073,500,573,4,7,4,2,9,0.0,0.0
63.52,1070,497,573,4,7,4,2,9,0.0,0.0
63.56,1067,494,573,4,7,4,2,9,0.0,0.0
63.6,1064,491,573,4,7,4,2,9,0.0,0.0
63.64,1061,488,573,4,7,4,2,9,0.0,0.0
63.68,1058,485,573,4,7,4,2,9,0.0,0.0
63.72,1055,482,573,4,7,4,2,9,0.0,0.0
63.76,1052,479,573,4,7,4,2,9,0.0,0.0
63.8,1049,476,573,4,7,4,2,9,0.0,0.0
63.84,1046,473,573,4,7,4,2,9,0.0,0.0
63.88,1043,470,573,4,7,4,2,9,0.0,0.0
63.92,1040,467,573,4,7,4,2,9,0.0,0.0
63.96,1037,464,573,4,7,4,2,9,0.0,0.0
64.0,1034,461,573,4,7,4,2,9,0.0,0.0
64.04,1032,458,574,4,7,4,2,9,0.0,0.0
64.08,1032,455,577,4,7,4,2,9,0.0,0.0
64.12,1033,453,580,4,7,4,2,9,0.0,0.0
64.16,1034,450,584,4,7,4,2,9,0.0,0.0
64.2,1036,448,588,4,7,4,2,9,0.0,0.0
64.24,1039,447,592,4,7,4,2,9,0.0,0.0
64.28,1042,446,596,4,7,4,2,9,0.0,0.0
64.32,1045,445,600,4,7,4,2,9,0.0,0.0
64.36,1048,444,604,4,7,4,2,9,0.0,0.0
64.4,1052,444,608,4,7,4,2,9,0.0,0.0
64.44,1056,444,612,4,7,4,2,9,0.0,0.0
64.48,1060,444,616,4,7,4,2,9,0.0,0.0
64.52,1064,445,619,4,7,4,2,9,0.0,0.0
64.56,1068,446,622,4,7,4,2,9,0.0,0.0
64.6,1072,447,625,4,7,4,2,9,0.0,0.0
64.64,1076,448,628,4,7,4,2,9,0.0,0.0
64.68,1080,450,630,4,7,4,2,9,0.0,0.0
64.72,1084,452,632,4,7,4,2,9,0.0,0.0
64.76,1088,454,634,4,7,4,2,9,0.0,0.0
64.8,1092,456,636,4,7,4,2,9,0.0,0.0
64.84,1096,459,637,4,7,4,2,9,0.0,0.0
64.88,1100,461,639,4,7,4,2,9,0.0,0.0
64.92,1104,464,640,4,7,4,2,9,0.0,0.0
64.96,1108,467,641,4,7,4,2,9,0.0,0.0
65.0,1112,470,642,4,7,4,2,9,0.0,0.0
65.04,1116,473,643,4,7,4,2,9,0.0,0.0
65.08,1120,476,644,4,7,4,2,9,0.0,0.0
65.12,1124,479,645,4,7,4,2,9,0.0,0.0
65.16,1128,482,646,4,7,4,2,9,0.0,0.0
65.2,1132,485,647,4,7,4,2,9,0.0,0.0
65.24,1136,488,648,4,7,4,2,9,0.0,0.0
65.28,1140,491,649,4,7,4,2,9,0.0,0.0
65.32,1144,494,650,4,7,4,2,9,0.0,0.0
65.36,1148,497,651,4,7,4,2,9,0.0,0.0
65.4,1152,500,652,4,7,4,2,9,0.0,0.0
65.44,1156,503,653,4,7,4,2,9,0.0,0.0
65.48,1160,506,654,4,7,4,2,9,0.0,0.0
65.52,1164,509,655,4,7,4,2,9,0.0,0.0
65.56,1168,512,656,4,7,4,2,9,0.0,0.0
65.6,1172,515,657,4,7,4,2,9,0.0,0.0
65.64,1176,518,658,4,7,4,2,9,0.0,0.0
65.68,1180,521,659,4,7,4,2,9,0.0,0.0
65.72,1184,524,660,4,7,4,2,9,0.0,0.0
65.76,1188,527,661,4,7,4,2,9,0.0,0.0
65.8,1192,530,662,4,7,4,2,9,0.0,0.0
65.84,1196,533,663,4,7,4,2,9,0.0,0.0
65.88,1200,536,664,4,7,4,2,9,0.0,0.0
65.92,1204,539,665,4,7,4,2,9,0.0,0.0
65.96,1208,542,666,4,7,4,2,9,0.0,0.0
66.0,1212,545,667,4,7,4,2,9,0.0,0.0
66.04,1216,548,668,4,7,4,2,9,0.0,0.0
66.08,1220,551,669,4,7,4,2,9,0.0,0.0
66.12,1224,554,670,4,7,4,2,9,0.0,0.0
66.16,1228,557,671,4,7,4,2,9,0.0,0.0
66.2,1232,560,672,4,7,4,2,9,0.0,0.0
66.24,1236,563,673,4,7,4,2,9,0.0,0.0
66.28,1240,566,674,4,7,4,2,9,0.0,0.0
66.32,1244,569,675,4,7,4,2,9,0.0,0.0
66.36,1248,572,676,4,7,4,2,9,0.0,0.0
66.4,1252,575,677,4,7,4,2,9,0.0,0.0
66.44,1256,578,678,4,7,4,2,9,0.0,0.0
66.48,1260,581,679,4,7,4,2,9,0.0,0.0
66.52,1264,584,680,4,7,4,2,9,0.0,0.0
66.56,1268,587,681,4,7,4,2,9,0.0,0.0
66.6,1272,590,682,4,7,4,2,9,0.0,0.0
66.64,1276,593,683,4,7,4,2,9,0.0,0.0
66.68,1280,596,684,4,7,4,2,9,0.0,0.0
66.72,1284,599,685,4,7,4,2,9,0.0,0.0
66.76,1288,602,686,4,7,4,2,9,0.0,0.0
66.8,1292,605,687,4,7,4,2,9,0.0,0.0
66.84,1296,608,688,4,7,4,2,9,0.0,0.0
66.88,1300,612,688,4,7,4,2,9,0.0,0.0
66.92,1304,616,688,4,7,4,2,9,0.0,0.0
66.96,1308,620,688,4,7,4,2,9,0.0,0.0
67.0,1312,624,688,4,7,4,2,9,0.0,0.0
67.04,1316,627,689,4,7,4,2,9,0.0,0.0
67.08,1320,631,689,4,7,4,2,9,0.0,0.0
67.12,1324,635,689,4,7,4,2,9,0.0,0.0
67.16,1328,638,690,4,7,4,2,9,0.0,0.0
67.2,1332,642,690,4,7,4,2,9,0.0,0.0
67.24,1336,646,690,4,7,4,2,9,0.0,0.0
67.28,1340,650,690,4,7,4,2,9,0.0,0.0
67.32,1344,654,690,4,7,4,2,9,0.0,0.0
67.36,1348,658,690,4,7,4,2,9,0.0,0.0
67.4,1352,661,691,4,7,4,2,9,0.0,0.0
67.44,1356,664,692,4,7,4,2,9,0.0,0.0
67.48,1360,667,693,4,7,4,2,9,0.0,0.0
67.52,1364,670,694,4,7,4,2,9,0.0,0.0
67.56,1368,673,695,4,7,4,2,9,0.0,0.0
67.6,1372,676,696,4,7,4,2,9,0.0,0.0
67.64,1376,679,697,4,7,4,2,9,0.0,0.0
67.68,1380,682,698,4,7,4,2,9,0.0,0.0
67.72,1384,685,699,4,7,4,2,9,0.0,0.0
67.76,1388,688,700,4,7,4,2,9,0.0,0.0
67.8,1392,691,701,4,7,4,2,9,0.0,0.0
67.84,1396,694,702,4,7,4,2,9,0.0,0.0
67.88,1400,697,703,4,7,4,2,9,0.0,0.0
67.92,1404,700,704,4,7,4,2,9,0.0,0.0
67.96,1408,703,705,4,7,4,2,9,0.0,0.0
68.0,1412,706,706,4,7,4,2,9,0.0,0.0
68.04,1416,709,707,4,7,4,2,9,0.0,0.0
68.08,1420,712,708,4,7,4,2,9,0.0,0.0
68.12,1424,716,708,4,7,4,2,9,0.0,0.0
68.16,1428,720,708,4,7,4,2,9,0.0,0.0
68.2,1432,724,708,4,7,4,2,9,0.0,0.0
68.24,1436,728,708,4,7,4,2,9,0.0,0.0
68.28,1440,732,708,4,7,4,2,9,0.0,0.0
68.32,4,735,-731,4,7,4,2,9,0.0,0.0
68.36,8,738,-730,4,7,4,2,9,0.0,0.0
68.4,12,741,-729,4,7,4,2,9,0.0,0.0
68.44,16,745,-729,4,7,4,2,9,0.0,0.0
68.48,20,747,-727,4,7,4,2,9,0.0,0.0
68.52,24,746,-722,4,7,4,2,9,0.0,0.0
68.56,28,746,-718,4,7,4,2,9,0.0,0.0
68.6,32,746,-714,4,7,4,2,9,0.0,0.0
68.64,36,744,-708,4,7,4,2,9,0.0,0.0
68.68,40,741,-701,4,7,4,2,9,0.0,0.0
68.72,44,737,-693,4,7,4,2,9,0.0,0.0
68.76,48,733,-685,4,7,4,2,9,0.0,0.0
68.8,52,729,-677,4,7,4,2,9,0.0,0.0
68.84,56,725,-669,4,7,4,2,9,0.0,0.0
68.88,60,721,-661,4,7,4,2,9,0.0,0.0
68.92,64,717,-653,4,7,4,2,9,0.0,0.0
68.96,68,713,-645,4,7,4,2,9,0.0,0.0
69.0,72,709,-637,4,7,4,2,9,0.0,0.0
69.04,76,705,-629,4,7,4,2,9,0.0,0.0
69.08,80,701,-621,4,7,4,2,9,0.0,0.0
69.12,84,698,-614,4,7,4,2,9,0.0,0.0
69.16,88,694,-606,4,7,4,2,9,0.0,0.0
69.2,92,691,-599,4,7,4,2,9,0.0,0.0
69.24,96,687,-591,4,7,4,2,9,0.0,0.0
69.28,100,684,-584,4,7,4,2,9,0.0,0.0
69.32,103,681,-578,4,7,4,2,9,0.0,0.0
69.36,106,677,-571,4,7,4,2,9,0.0,0.0
69.4,109,674,-565,4,7,4,2,9,0.0,0.0
69.44,112,670,-558,4,7,4,2,9,0.0,0.0
69.48,116,667,-551,4,7,4,2,9,0.0,0.0
69.52,120,664,-544,4,7,4,2,9,0.0,0.0
69.56,123,660,-537,4,7,4,2,9,0.0,0.0
69.6,126,657,-531,4,7,4,2,9,0.0,0.0
69.64,129,654,-525,4,7,4,2,9,0.0,0.0
69.68,132,650,-518,4,7,4,2,9,0.0,0.0
69.72,135,646,-511,4,7,4,2,9,0.0,0.0
69.76,138,643,-505,4,7,4,2,9,0.0,0.0
69.8,141,640,-499,4,7,4,2,9,0.0,0.0
69.84,143,637,-494,4,7,4,2,9,0.0,0.0
69.88,145,634,-489,4,7,4,2,9,0.0,0.0
69.92,147,631,-484,4,7,4,2,9,0.0,0.0
69.96,149,628,-479,4,7,4,2,9,0.0,0.0
70.0,151,624,-473,4,7,4,2,9,0.0,0.0
70.04,153,620,-467,4,7,4,2,9,0.0,0.0
70.08,155,616,-461,4,7,4,2,9,0.0,0.0
70.12,157,612,-455,4,7,4,2,9,0.0,0.0
70.16,158,608,-450,4,7,4,2,9,0.0,0.0
70.2,159,604,-445,4,7,4,2,9,0.0,0.0
70.24,159,600,-441,4,7,4,2,9,0.0,0.0
70.28,159,596,-437,4,7,4,2,9,0.0,0.0
70.32,159,592,-433,4,7,4,2,9,0.0,0.0
70.36,159,588,-429,4,7,4,2,9,0.0,0.0
70.4,159,584,-425,4,7,4,2,9,0.0,0.0
70.44,159,580,-421,4,7,4,2,9,0.0,0.0
70.48,158,576,-418,4,7,4,2,9,0.0,0.0
70.52,157,572,-415,4,7,4,2,9,0.0,0.0
70.56,156,568,-412,4,7,4,2,9,0.0,0.0
70.6,155,564,-409,4,7,4,2,9,0.0,0.0
70.64,154,560,-406,4,7,4,2,9,0.0,0.0
70.68,153,556,-403,4,7,4,2,9,0.0,0.0
70.72,152,552,-400,4,7,4,2,9,0.0,0.0
70.76,151,548,-397,4,7,4,2,9,0.0,0.0
70.8,150,544,-394,4,7,4,2,9,0.0,0.0
70.84,149,540,-391,4,7,4,2,9,0.0,0.0
70.88,148,536,-388,4,7,4,2,9,0.0,0.0
70.92,147,532,-385,4,7,4,2,9,0.0,0.0
70.96,146,528,-382,4,7,4,2,9,0.0,0.0
71.0,145,524,-379,4,7,4,2,9,0.0,0.0
71.04,144,520,-376,4,7,4,2,9,0.0,0.0
71.08,143,516,-373,4,7,4,2,9,0.0,0.0
71.12,142,512,-370,4,7,4,2,9,0.0,0.0
71.16,140,508,-368,4,7,4,2,9,0.0,0.0
71.2,138,504,-366,4,7,4,2,9,0.0,0.0
71.24,136,500,-364,4,7,4,2,9,0.0,0.0
71.28,134,497,-363,4,7,4,2,9,0.0,0.0
71.32,132,494,-362,4,7,4,2,9,0.0,0.0
71.36,130,491,-361,4,7,4,2,9,0.0,0.0
71.4,128,488,-360,4,7,4,2,9,0.0,0.0
71.44,126,485,-359,4,7,4,2,9,0.0,0.0
71.48,124,482,-358,4,7,4,2,9,0.0,0.0
71.52,122,479,-357,4,7,4,2,9,0.0,0.0
71.56,120,476,-356,4,7,4,2,9,0.0,0.0
71.6,118,473,-355,4,7,4,2,9,0.0,0.0
71.64,116,471,-355,4,7,4,2,9,0.0,0.0
71.68,114,469,-355,4,7,4,2,9,0.0,0.0
71.72,111,467,-356,4,7,4,2,9,0.0,0.0
71.76,109,465,-356,4,7,4,2,9,0.0,0.0
71.8,106,463,-357,4,7,4,2,9,0.0,0.0
71.84,103,461,-358,4,7,4,2,9,0.0,0.0
71.88,100,459,-359,4,7,4,2,9,0.0,0.0
71.92,97,457,-360,4,7,4,2,9,0.0,0.0
71.96,94,455,-361,4,7,4,2,9,0.0,0.0
72.0,91,453,-362,4,7,4,2,9,0.0,0.0
72.04,88,451,-363,4,7,4,2,9,0.0,0.0
72.08,85,448,-363,4,7,4,2,9,0.0,0.0
72.12,82,446,-364,4,7,4,2,9,0.0,0.0
72.16,79,443,-364,4,7,4,2,9,0.0,0.0
72.2,76,440,-364,4,7,4,2,9,0.0,0.0
72.24,73,438,-365,4,7,4,2,9,0.0,0.0
72.28,70,436,-366,4,7,4,2,9,0.0,0.0
72.32,67,433,-366,4,7,4,2,9,0.0,0.0
72.36,64,430,-366,4,7,4,2,9,0.0,0.0
72.4,61,427,-366,4,7,4,2,9,0.0,0.0
72.44,58,424,-366,4,7,4,2,9,0.0,0.0
72.48,55,421,-366,4,7,4,2,9,0.0,0.0
72.52,52,418,-366,4,7,4,2,9,0.0,0.0
72.56,49,415,-366,4,7,4,2,9,0.0,0.0
72.6,46,412,-366,4,7,4,2,9,0.0,0.0
72.64,43,409,-366,4,7,4,2,9,0.0,0.0
72.68,40,406,-366,4,7,4,2,9,0.0,0.0
72.72,37,403,-366,4,7,4,2,9,0.0,0.0
72.76,34,399,-365,4,7,4,2,9,0.0,0.0
72.8,31,396,-365,4,7,4,2,9,0.0,0.0
72.84,28,393,-365,4,7,4,2,9,0.0,0.0
72.88,25,390,-365,4,7,4,2,9,0.0,0.0
72.92,22,387,-365,4,7,4,2,9,0.0,0.0
72.96,19,384,-365,4,7,4,2,9,0.0,0.0
73.0,16,380,-364,4,7,4,2,9,0.0,0.0
73.04,13,376,-363,4,7,4,2,9,0.0,0.0
73.08,10,372,-362,4,7,4,2,9,0.0,0.0
73.12,7,368,-361,4,7,4,2,9,0.0,0.0
73.16,4,365,-361,4,7,4,2,9,0.0,0.0
73.2,1,361,-360,4,7,4,2,9,0.0,0.0
73.24,1442,357,1085,4,7,4,2,9,0.0,0.0
73.28,1439,353,1086,4,7,4,2,9,0.0,0.0
73.32,1436,349,1087,4,7,4,2,9,0.0,0.0
73.36,1433,346,1087,4,7,4,2,9,0.0,0.0
73.4,1430,342,1088,4,7,4,2,9,0.0,0.0
73.44,1427,338,1089,4,7,4,2,9,0.0,0.0
73.48,1424,335,1089,4,7,4,2,9,0.0,0.0
73.52,1421,332,1089,4,7,4,2,9,0.0,0.0
73.56,1418,328,1090,4,7,4,2,9,0.0,0.0
73.6,1415,325,1090,4,7,4,2,9,0.0,0.0
73.64,1412,322,1090,4,7,4,2,9,0.0,0.0
73.68,1409,319,1090,4,7,4,2,9,0.0,0.0
73.72,1406,315,1091,4,7,4,2,9,0.0,0.0
73.76,1403,312,1091,4,7,4,2,9,0.0,0.0
73.8,1400,309,1091,4,7,4,2,9,0.0,0.0
73.84,1397,306,1091,4,7,4,2,9,0.0,0.0
73.88,1394,303,1091,4,7,4,2,9,0.0,0.0
73.92,1391,301,1090,4,7,4,2,9,0.0,0.0
73.96,1388,301,1087,4,7,4,2,9,0.0,0.0
74.0,1385,299,1086,4,7,4,2,9,0.0,0.0
74.04,1382,298,1084,4,7,4,2,9,0.0,0.0
74.08,1379,300,1079,4,7,4,2,9,0.0,0.0
74.12,1376,303,1073,4,7,4,2,9,0.0,0.0
74.16,1373,306,1067,4,7,4,2,9,0.0,0.0
74.2,1370,309,1061,4,7,4,2,9,0.0,0.0
74.24,1367,312,1055,4,7,4,2,9,0.0,0.0
74.28,1364,315,1049,4,7,4,2,9,0.0,0.0
74.32,1361,318,1043,4,7,4,2,9,0.0,0.0
74.36,1358,321,1037,4,7,4,2,9,0.0,0.0
74.4,1355,324,1031,4,7,4,2,9,0.0,0.0
74.44,1353,328,1025,4,7,4,2,9,0.0,0.0
74.48,1351,331,1020,4,7,4,2,9,0.0,0.0
74.52,1349,334,1015,4,7,4,2,9,0.0,0.0
74.56,1347,338,1009,4,7,4,2,9,0.0,0.0
74.6,1345,341,1004,4,7,4,2,9,0.0,0.0
74.64,1344,344,1000,4,7,4,2,9,0.0,0.0
74.68,1343,347,996,4,7,4,2,9,0.0,0.0
74.72,1342,350,992,4,7,4,2,9,0.0,0.0
74.76,1341,354,987,4,7,4,2,9,0.0,0.0
74.8,1341,358,983,4,7,4,2,9,0.0,0.0
74.84,1342,362,980,4,7,4,2,9,0.0,0.0
74.88,1343,366,977,4,7,4,2,9,0.0,0.0
74.92,1344,370,974,4,7,4,2,9,0.0,0.0
74.96,1346,374,972,4,7,4,2,9,0.0,0.0
75.0,1348,378,970,4,7,4,2,9,0.0,0.0
75.04,1350,382,968,4,7,4,2,9,0.0,0.0
75.08,1353,386,967,4,7,4,2,9,0.0,0.0
75.12,1356,390,966,4,7,4,2,9,0.0,0.0
75.16,1359,394,965,4,7,4,2,9,0.0,0.0
75.2,1362,398,964,4,7,4,2,9,0.0,0.0
75.24,1365,402,963,4,7,4,2,9,0.0,0.0
75.28,1368,405,963,4,7,4,2,9,0.0,0.0
75.32,1371,409,962,4,7,4,2,9,0.0,0.0
75.36,1374,413,961,4,7,4,2,9,0.0,0.0
75.4,1377,416,961,4,7,4,2,9,0.0,0.0
75.44,1380,420,960,4,7,4,2,9,0.0,0.0
75.48,1383,424,959,4,7,4,2,9,0.0,0.0
75.52,1386,428,958,4,7,4,2,9,0.0,0.0
75.56,1389,431,958,4,7,4,2,9,0.0,0.0
75.6,1392,435,957,4,7,4,2,9,0.0,0.0
75.64,1395,438,957,4,7,4,2,9,0.0,0.0
75.68,1398,442,956,4,7,4,2,9,0.0,0.0
75.72,1401,445,956,4,7,4,2,9,0.0,0.0
75.76,1404,448,956,4,7,4,2,9,0.0,0.0
75.8,1407,452,955,4,7,4,2,9,0.0,0.0
75.84,1410,456,954,4,7,4,2,9,0.0,0.0
75.88,1413,460,953,4,7,4,2,9,0.0,0.0
75.92,1417,464,953,4,7,4,2,9,0.0,0.0
75.96,1421,467,954,4,7,4,2,9,0.0,0.0
76.0,1425,470,955,4,7,4,2,9,0.0,0.0
76.04,1429,474,955,4,7,4,2,9,0.0,0.0
76.08,1433,478,955,4,7,4,2,9,0.0,0.0
76.12,1437,482,955,4,7,4,2,9,0.0,0.0
76.16,1,486,-485,4,7,4,2,9,0.0,0.0
76.2,5,490,-485,4,7,4,2,9,0.0,0.0
76.24,9,494,-485,4,7,4,2,9,0.0,0.0
76.28,13,498,-485,4,7,4,2,9,0.0,0.0
76.32,17,502,-485,4,7,4,2,9,0.0,0.0
76.36,21,506,-485,4,7,4,2,9,0.0,0.0
76.4,25,510,-485,4,7,4,2,9,0.0,0.0
76.44,29,514,-485,4,7,4,2,9,0.0,0.0
76.48,33,518,-485,4,7,4,2,9,0.0,0.0
76.52,37,522,-485,4,7,4,2,9,0.0,0.0
76.56,41,526,-485,4,7,4,2,9,0.0,0.0
76.6,45,530,-485,4,7,4,2,9,0.0,0.0
76.64,49,534,-485,4,7,4,2,9,0.0,0.0
76.68,53,538,-485,4,7,4,2,9,0.0,0.0
76.72,57,542,-485,4,7,4,2,9,0.0,0.0
76.76,61,546,-485,4,7,4,2,9,0.0,0.0
76.8,65,550,-485,4,7,4,2,9,0.0,0.0
76.84,69,554,-485,4,7,4,2,9,0.0,0.0
76.88,73,558,-485,4,7,4,2,9,0.0,0.0
76.92,77,562,-485,4,7,4,2,9,0.0,0.0
76.96,81,566,-485,4,7,4,2,9,0.0,0.0
77.0,85,570,-485,4,7,4,2,9,0.0,0.0
77.04,89,574,-485,4,7,4,2,9,0.0,0.0
77.08,93,578,-485,4,7,4,2,9,0.0,0.0
77.12,97,582,-485,4,7,4,2,9,0.0,0.0
77.16,101,586,-485,4,7,4,2,9,0.0,0.0
77.2,105,590,-485,4,7,4,2,9,0.0,0.0
77.24,109,594,-485,4,7,4,2,9,0.0,0.0
77.28,113,598,-485,4,7,4,2,9,0.0,0.0
77.32,117,602,-485,4,7,4,2,9,0.0,0.0
77.36,121,606,-485,4,7,4,2,9,0.0,0.0
77.4,125,610,-485,4,7,4,2,9,0.0,0.0
77.44,129,614,-485,4,7,4,2,9,0.0,0.0
77.48,133,618,-485,4,7,4,2,9,0.0,0.0
77.52,137,622,-485,4,7,4,2,9,0.0,0.0
77.56,141,626,-485,4,7,4,2,9,0.0,0.0
77.6,145,630,-485,4,7,4,2,9,0.0,0.0
77.64,149,634,-485,4,7,4,2,9,0.0,0.0
77.68,153,638,-485,4,7,4,2,9,0.0,0.0
77.72,157,642,-485,4,7,4,2,9,0.0,0.0
77.76,161,646,-485,4,7,4,2,9,0.0,0.0
77.8,165,650,-485,4,7,4,2,9,0.0,0.0
77.84,169,654,-485,4,7,4,2,9,0.0,0.0
77.88,173,658,-485,4,7,4,2,9,0.0,0.0
77.92,177,662,-485,4,7,4,2,9,0.0,0.0
77.96,181,666,-485,4,7,4,2,9,0.0,0.0
78.0,185,670,-485,4,7,4,2,9,0.0,0.0
78.04,189,674,-485,4,7,4,2,9,0.0,0.0
78.08,193,678,-485,4,7,4,2,9,0.0,0.0
78.12,196,682,-486,4,7,4,2,9,0.0,0.0
78.16,199,686,-487,4,7,4,2,9,0.0,0.0
78.2,202,690,-488,4,7,4,2,9,0.0,0.0
78.24,205,694,-489,4,7,4,2,9,0.0,0.0
78.28,209,698,-489,4,7,4,2,9,0.0,0.0
78.32,212,702,-490,4,7,4,2,9,0.0,0.0
78.36,215,706,-491,4,7,4,2,9,0.0,0.0
78.4,218,710,-492,4,7,4,2,9,0.0,0.0
78.44,221,714,-493,4,7,4,2,9,0.0,0.0
78.48,224,718,-494,4,7,4,2,9,0.0,0.0
78.52,227,722,-495,4,7,4,2,9,0.0,0.0
78.56,230,726,-496,4,7,4,2,9,0.0,0.0
78.6,233,730,-497,4,7,4,2,9,0.0,0.0
78.64,236,734,-498,4,7,4,2,9,0.0,0.0
78.68,239,738,-499,4,7,4,2,9,0.0,0.0
78.72,242,742,-500,4,7,4,2,9,0.0,0.0
78.76,245,746,-501,4,7,4,2,9,0.0,0.0
78.8,248,750,-502,4,7,4,2,9,0.0,0.0
78.84,251,754,-503,4,7,4,2,9,0.0,0.0
78.88,254,758,-504,4,7,4,2,9,0.0,0.0
78.92,257,762,-505,4,7,4,2,9,0.0,0.0
78.96,260,766,-506,4,7,4,2,9,0.0,0.0
79.0,263,770,-507,4,7,4,2,9,0.0,0.0
79.04,266,774,-508,4,7,4,2,9,0.0,0.0
79.08,269,778,-509,4,7,4,2,9,0.0,0.0
79.12,272,782,-510,4,7,4,2,9,0.0,0.0
79.16,275,786,-511,4,7,4,2,9,0.0,0.0
79.2,278,790,-512,4,7,4,2,9,0.0,0.0
79.24,281,794,-513,4,7,4,2,9,0.0,0.0
79.28,284,798,-514,4,7,4,2,9,0.0,0.0
79.32,287,802,-515,4,7,4,2,9,0.0,0.0
79.36,290,806,-516,4,7,4,2,9,0.0,0.0
79.4,292,810,-518,4,7,4,2,9,0.0,0.0
79.44,294,814,-520,4,7,4,2,9,0.0,0.0
79.48,296,818,-522,4,7,4,2,9,0.0,0.0
79.52,298,822,-524,4,7,4,2,9,0.0,0.0
79.56,300,826,-526,4,7,4,2,9,0.0,0.0
79.6,302,830,-528,4,7,4,2,9,0.0,0.0
79.64,304,834,-530,4,7,4,2,9,0.0,0.0
79.68,306,838,-532,4,7,4,2,9,0.0,0.0
79.72,307,842,-535,4,7,4,2,9,0.0,0.0
79.76,308,846,-538,4,7,4,2,9,0.0,0.0
79.8,309,850,-541,4,7,4,2,9,0.0,0.0
79.84,310,854,-544,4,7,4,2,9,0.0,0.0
79.88,311,858,-547,4,7,4,2,9,0.0,0.0
79.92,311,862,-551,4,7,4,2,9,0.0,0.0
79.96,310,866,-556,4,7,4,2,9,0.0,0.0
80.0,309,870,-561,4,7,4,2,9,0.0,0.0
80.04,308,874,-566,4,7,4,2,9,0.0,0.0
80.08,307,878,-571,4,7,4,2,9,0.0,0.0
80.12,306,882,-576,4,7,4,2,9,0.0,0.0
80.16,304,886,-582,4,7,4,2,9,0.0,0.0
80.2,302,890,-588,4,7,4,2,9,0.0,0.0
80.24,300,894,-594,4,7,4,2,9,0.0,0.0
80.28,298,898,-600,4,7,4,2,9,0.0,0.0
80.32,296,902,-606,4,7,4,2,9,0.0,0.0
80.36,294,906,-612,4,7,4,2,9,0.0,0.0
80.4,292,910,-618,4,7,4,2,9,0.0,0.0
80.44,290,913,-623,4,7,4,2,9,0.0,0.0
80.48,288,916,-628,4,7,4,2,9,0.0,0.0
80.52,286,920,-634,4,7,4,2,9,0.0,0.0
80.56,284,924,-640,4,7,4,2,9,0.0,0.0
80.6,282,928,-646,4,7,4,2,9,0.0,0.0
80.64,279,928,-649,4,7,4,2,9,0.0,0.0
80.68,276,924,-648,4,7,4,2,9,0.0,0.0
80.72,273,920,-647,4,7,4,2,9,0.0,0.0
80.76,270,917,-647,4,7,4,2,9,0.0,0.0
80.8,267,913,-646,4,7,4,2,9,0.0,0.0
80.84,264,909,-645,4,7,4,2,9,0.0,0.0
80.88,261,905,-644,4,7,4,2,9,0.0,0.0
80.92,258,901,-643,4,7,4,2,9,0.0,0.0
80.96,255,897,-642,4,7,4,2,9,0.0,0.0
81.0,252,893,-641,4,7,4,2,9,0.0,0.0
81.04,249,889,-640,4,7,4,2,9,0.0,0.0
81.08,246,885,-639,4,7,4,2,9,0.0,0.0
81.12,243,881,-638,4,7,4,2,9,0.0,0.0
81.16,240,877,-637,4,7,4,2,9,0.0,0.0
81.2,237,873,-636,4,7,4,2,9,0.0,0.0
81.24,234,869,-635,4,7,4,2,9,0.0,0.0
81.28,231,865,-634,4,7,4,2,9,0.0,0.0
81.32,228,861,-633,4,7,4,2,9,0.0,0.0
81.36,225,857,-632,4,7,4,2,9,0.0,0.0
81.4,222,853,-631,4,7,4,2,9,0.0,0.0
81.44,219,849,-630,4,7,4,2,9,0.0,0.0
81.48,216,845,-629,4,7,4,2,9,0.0,0.0
81.52,213,841,-628,4,7,4,2,9,0.0,0.0
81.56,210,837,-627,4,7,4,2,9,0.0,0.0
81.6,207,833,-626,4,7,4,2,9,0.0,0.0
81.64,204,829,-625,4,7,4,2,9,0.0,0.0
81.68,201,825,-624,4,7,4,2,9,0.0,0.0
81.72,198,821,-623,4,7,4,2,9,0.0,0.0
81.76,195,817,-622,4,7,4,2,9,0.0,0.0
81.8,192,813,-621,4,7,4,2,9,0.0,0.0
81.84,189,809,-620,4,7,4,2,9,0.0,0.0
81.88,186,805,-619,4,7,4,2,9,0.0,0.0
81.92,183,801,-618,4,7,4,2,9,0.0,0.0
81.96,180,797,-617,4,7,4,2,9,0.0,0.0
82.0,177,793,-616,4,7,4,2,9,0.0,0.0
82.04,174,789,-615,4,7,4,2,9,0.0,0.0
82.08,171,785,-614,4,7,4,2,9,0.0,0.0
82.12,168,781,-613,4,7,4,2,9,0.0,0.0
82.16,165,777,-612,4,7,4,2,9,0.0,0.0
82.2,162,773,-611,4,7,4,2,9,0.0,0.0
82.24,159,769,-610,4,7,4,2,9,0.0,0.0
82.28,156,765,-609,4,7,4,2,9,0.0,0.0
82.32,153,761,-608,4,7,4,2,9,0.0,0.0
82.36,150,757,-607,4,7,4,2,9,0.0,0.0
82.4,147,753,-606,4,7,4,2,9,0.0,0.0
82.44,144,749,-605,4,7,4,2,9,0.0,0.0
82.48,141,745,-604,4,7,4,2,9,0.0,0.0
82.52,138,741,-603,4,7,4,2,9,0.0,0.0
82.56,135,737,-602,4,7,4,2,9,0.0,0.0
82.6,132,733,-601,4,7,4,2,9,0.0,0.0
82.64,129,729,-600,4,7,4,2,9,0.0,0.0
82.68,126,725,-599,4,7,4,2,9,0.0,0.0
82.72,123,721,-598,4,7,4,2,9,0.0,0.0
82.76,120,717,-597,4,7,4,2,9,0.0,0.0
82.8,117,713,-596,4,7,4,2,9,0.0,0.0
82.84,114,709,-595,4,7,4,2,9,0.0,0.0
82.88,111,705,-594,4,7,4,2,9,0.0,0.0
82.92,108,701,-593,4,7,4,2,9,0.0,0.0
82.96,105,697,-592,4,7,4,2,9,0.0,0.0
83.0,102,693,-591,4,7,4,2,9,0.0,0.0
83.04,99,689,-590,4,7,4,2,9,0.0,0.0
83.08,96,685,-589,4,7,4,2,9,0.0,0.0
83.12,93,681,-588,4,7,4,2,9,0.0,0.0
83.16,90,677,-587,4,7,4,2,9,0.0,0.0
83.2,87,673,-586,4,7,4,2,9,0.0,0.0
83.24,84,670,-586,4,7,4,2,9,0.0,0.0
83.28,81,666,-585,4,7,4,2,9,0.0,0.0
83.32,78,662,-584,4,7,4,2,9,0.0,0.0
83.36,75,658,-583,4,7,4,2,9,0.0,0.0
83.4,72,654,-582,4,7,4,2,9,0.0,0.0
83.44,69,650,-581,4,7,4,2,9,0.0,0.0
83.48,66,646,-580,4,7,4,2,9,0.0,0.0
83.52,63,642,-579,4,7,4,2,9,0.0,0.0
83.56,60,638,-578,4,7,4,2,9,0.0,0.0
83.6,57,634,-577,4,7,4,2,9,0.0,0.0
83.64,54,630,-576,4,7,4,2,9,0.0,0.0
83.68,51,626,-575,4,7,4,2,9,0.0,0.0
83.72,48,622,-574,4,7,4,2,9,0.0,0.0
83.76,45,618,-573,4,7,4,2,9,0.0,0.0
83.8,42,614,-572,4,7,4,2,9,0.0,0.0
83.84,39,610,-571,4,7,4,2,9,0.0,0.0
83.88,36,606,-570,4,7,4,2,9,0.0,0.0
83.92,33,602,-569,4,7,4,2,9,0.0,0.0
83.96,33,598,-565,4,7,4,2,9,0.0,0.0
84.0,34,594,-560,4,7,4,2,9,0.0,0.0
84.04,36,590,-554,4,7,4,2,9,0.0,0.0
84.08,39,586,-547,4,7,4,2,9,0.0,0.0
84.12,43,582,-539,4,7,4,2,9,0.0,0.0
84.16,47,578,-531,4,7,4,2,9,0.0,0.0
84.2,51,574,-523,4,7,4,2,9,0.0,0.0
84.24,55,570,-515,4,7,4,2,9,0.0,0.0
84.28,59,566,-507,4,7,4,2,9,0.0,0.0
84.32,63,562,-499,4,7,4,2,9,0.0,0.0
84.36,67,558,-491,4,7,4,2,9,0.0,0.0
84.4,71,554,-483,4,7,4,2,9,0.0,0.0
84.44,75,551,-476,4,7,4,2,9,0.0,0.0
84.48,78,548,-470,4,7,4,2,9,0.0,0.0
84.52,81,544,-463,4,7,4,2,9,0.0,0.0
84.56,85,540,-455,4,7,4,2,9,0.0,0.0
84.6,89,536,-447,4,7,4,2,9,0.0,0.0
84.64,93,532,-439,4,7,4,2,9,0.0,0.0
84.68,97,529,-432,4,7,4,2,9,0.0,0.0
84.72,101,525,-424,4,7,4,2,9,0.0,0.0
84.76,104,521,-417,4,7,4,2,9,0.0,0.0
84.8,107,517,-410,4,7,4,2,9,0.0,0.0
84.84,110,513,-403,4,7,4,2,9,0.0,0.0
84.88,113,509,-396,4,7,4,2,9,0.0,0.0
84.92,116,505,-389,4,7,4,2,9,0.0,0.0
84.96,120,501,-381,4,7,4,2,9,0.0,0.0
85.0,124,497,-373,4,7,4,2,9,0.0,0.0
85.04,128,493,-365,4,7,4,2,9,0.0,0.0
85.08,132,489,-357,4,7,4,2,9,0.0,0.0
85.12,135,485,-350,4,7,4,2,9,0.0,0.0
85.16,138,481,-343,4,7,4,2,9,0.0,0.0
85.2,141,477,-336,4,7,4,2,9,0.0,0.0
85.24,144,473,-329,4,7,4,2,9,0.0,0.0
85.28,147,469,-322,4,7,4,2,9,0.0,0.0
85.32,150,465,-315,4,7,4,2,9,0.0,0.0
85.36,153,461,-308,4,7,4,2,9,0.0,0.0
85.4,155,457,-302,4,7,4,2,9,0.0,0.0
85.44,157,453,-296,4,7,4,2,9,0.0,0.0
85.48,157,449,-292,4,7,4,2,9,0.0,0.0
85.52,157,446,-289,4,7,4,2,9,0.0,0.0
85.56,157,443,-286,4,7,4,2,9,0.0,0.0
85.6,156,440,-284,4,7,4,2,9,0.0,0.0
85.64,155,437,-282,4,7,4,2,9,0.0,0.0
85.68,154,434,-280,4,7,4,2,9,0.0,0.0
85.72,152,431,-279,4,7,4,2,9,0.0,0.0
85.76,150,428,-278,4,7,4,2,9,0.0,0.0
85.8,148,425,-277,4,7,4,2,9,0.0,0.0
85.84,146,422,-276,4,7,4,2,9,0.0,0.0
85.88,144,418,-274,4,7,4,2,9,0.0,0.0
85.92,142,414,-272,4,7,4,2,9,0.0,0.0
85.96,140,410,-270,4,7,4,2,9,0.0,0.0
86.0,138,407,-269,4,7,4,2,9,0.0,0.0
86.04,136,403,-267,4,7,4,2,9,0.0,0.0
86.08,134,399,-265,4,7,4,2,9,0.0,0.0
86.12,132,396,-264,4,7,4,2,9,0.0,0.0
86.16,130,393,-263,4,7,4,2,9,0.0,0.0
86.2,128,390,-262,4,7,4,2,9,0.0,0.0
86.24,126,387,-261,4,7,4,2,9,0.0,0.0
86.28,124,383,-259,4,7,4,2,9,0.0,0.0
86.32,122,379,-257,4,7,4,2,9,0.0,0.0
